id,loc1,loc2,lat,lon,h,code
00002,沓形,宗谷地方,45.178333333333335,141.13833333333332,14.0,11151
00003,浜頓別,宗谷地方,45.125,142.35,18.0,11206
00005,歌登,宗谷地方,44.84166666666667,142.48,14.0,11316
00006,美深,上川地方,44.48,142.34166666666667,77.0,12141
00008,名寄,上川地方,44.37,142.45666666666668,89.0,12181
00009,西風連,上川地方,44.295,142.35833333333332,128.0,12217
00010,下川,上川地方,44.30166666666667,142.6233333333333,140.0,12231
00011,士別,上川地方,44.18666666666667,142.41666666666666,135.0,12261
00015,上川,上川地方,43.84666666666666,142.75333333333333,324.0,12411
00017,瑞穂,上川地方,43.736666666666665,142.63833333333332,289.0,12457
00020,白金,上川地方,43.475,142.65,658.0,12607
00021,富良野,上川地方,43.333333333333336,142.4,174.0,12626
00024,天塩,留萌地方,44.89333333333333,141.76166666666666,9.0,13061
00025,遠別,留萌地方,44.71833333333333,141.80666666666667,7.0,13086
00028,増毛,留萌地方,43.848333333333336,141.51,20.0,13311
00030,新篠津,石狩地方,43.22,141.645,9.0,14101
00031,山口,石狩地方,43.14833333333333,141.22166666666666,5.0,14116
00032,手稲山,石狩地方,43.083333333333336,141.20166666666665,568.0,14157
00034,小金湯,石狩地方,42.96333333333333,141.21666666666667,230.0,14191
00035,恵庭島松,石狩地方,42.92666666666667,141.565,30.0,14206
00037,支笏湖畔,石狩地方,42.77166666666667,141.40666666666667,290.0,14286
00038,石狩沼田,空知地方,43.815,141.92666666666668,63.0,15116
00039,深川,空知地方,43.71833333333333,142.07333333333332,55.0,15161
00041,滝川,空知地方,43.57,141.93833333333333,50.0,15241
00043,芦別,空知地方,43.516666666666666,142.19,90.0,15251
00044,美唄,空知地方,43.36333333333334,141.82666666666665,16.0,15321
00047,長沼,空知地方,43.01166666666666,141.69333333333333,13.0,15431
00049,夕張,空知地方,43.03833333333333,141.95666666666668,293.0,15442
00051,美国,後志地方,43.27166666666667,140.56333333333333,75.0,16026
00052,余市,後志地方,43.181666666666665,140.75833333333333,20.0,16076
00054,共和,後志地方,42.98,140.60333333333332,15.0,16156
00055,蘭越,後志地方,42.81,140.54166666666666,39.0,16206
00060,喜茂別,後志地方,42.79333333333334,140.94833333333332,264.0,16286
00061,黒松内,後志地方,42.66333333333333,140.31,27.0,16321
00063,興部,網走・北見・紋別地方,44.47,143.10833333333332,8.0,17076
00065,湧別,網走・北見・紋別地方,44.21333333333333,143.61833333333334,5.0,17166
00066,滝上,網走・北見・紋別地方,44.17666666666667,143.06166666666667,165.0,17196
00067,上藻別,網走・北見・紋別地方,44.18833333333333,143.33666666666667,85.0,17211
00068,常呂,網走・北見・紋別地方,44.115,144.03666666666666,3.0,17246
00069,遠軽,網走・北見・紋別地方,44.053333333333335,143.54,80.0,17306
00070,佐呂間,網走・北見・紋別地方,44.01833333333333,143.76,54.0,17316
00072,生田原,網走・北見・紋別地方,43.91666666666666,143.53166666666667,199.0,17501
00073,仁頃山,網走・北見・紋別地方,43.86,143.74666666666667,261.0,17512
00074,北見,網走・北見・紋別地方,43.77666666666666,143.84166666666667,104.0,17521
00075,小清水,網走・北見・紋別地方,43.84166666666667,144.485,52.0,17546
00076,斜里,網走・北見・紋別地方,43.885,144.7,15.0,17561
00077,留辺蘂,網走・北見・紋別地方,43.74166666666667,143.45,325.0,17596
00079,美幌,網走・北見・紋別地方,43.77,144.17166666666665,60.0,17631
00082,津別,網走・北見・紋別地方,43.70166666666667,144.03333333333333,100.0,17717
00084,羅臼,根室地方,44.02333333333333,145.18666666666667,15.0,18038
00085,標津,根室地方,43.66166666666667,145.13166666666666,3.0,18136
00086,中標津,根室地方,43.54333333333334,144.97833333333332,50.0,18171
00088,別海,根室地方,43.38166666666667,145.11833333333334,23.0,18256
00090,川湯,釧路地方,43.61666666666667,144.45666666666668,158.0,19021
00091,阿寒湖畔,釧路地方,43.43666666666667,144.085,450.0,19076
00093,標茶,釧路地方,43.29166666666666,144.58666666666667,20.0,19151
00095,中徹別,釧路地方,43.19833333333333,144.14166666666668,80.0,19261
00096,阿寒,釧路地方,43.11333333333334,144.1233333333333,40.0,19346
00098,白糠,釧路地方,42.97,144.06166666666667,9.0,19416
00101,陸別,十勝地方,43.46833333333333,143.73833333333334,207.0,20146
00103,ぬかびら源泉郷,十勝地方,43.36666666666667,143.19166666666666,540.0,20186
00107,上士幌,十勝地方,43.235,143.30333333333334,295.0,20266
00109,足寄,十勝地方,43.24333333333333,143.55333333333334,90.0,20276
00112,本別,十勝地方,43.13166666666667,143.6,67.0,20341
00113,新得,十勝地方,43.07666666666667,142.84,178.0,20356
00114,鹿追,十勝地方,43.10333333333333,142.995,206.0,20361
00115,芽室,十勝地方,42.9,143.04333333333332,90.0,20421
00117,池田,十勝地方,42.92,143.45833333333334,42.0,20441
00118,浦幌,十勝地方,42.80833333333333,143.65666666666667,20.0,20506
00121,大樹,十勝地方,42.5,143.27333333333334,87.0,20696
00123,安平,胆振地方,42.81333333333333,141.82833333333335,32.0,21031
00124,厚真,胆振地方,42.73,141.88833333333332,20.0,21111
00125,穂別,胆振地方,42.76166666666667,142.14333333333337,56.0,21126
00126,森野,胆振地方,42.63,141.24666666666667,170.0,21171
00128,大岸,胆振地方,42.59,140.64333333333337,4.0,21226
00130,白老,胆振地方,42.54333333333334,141.35166666666666,6.0,21261
00131,鵡川,胆振地方,42.59,141.93333333333334,10.0,21276
00132,伊達,胆振地方,42.475,140.84833333333333,3.0,21297
00134,登別,胆振地方,42.458333333333336,141.11833333333334,197.0,21312
00136,日高門別,日高地方,42.49666666666667,142.05333333333334,47.0,22141
00137,新和,日高地方,42.54333333333334,142.33333333333334,60.0,22156
00139,笹山,日高地方,42.43333333333333,142.48166666666663,110.0,22206
00140,静内,日高地方,42.34333333333333,142.36166666666668,10.0,22241
00143,長万部,渡島地方,42.52333333333333,140.38166666666666,10.0,23031
00144,八雲,渡島地方,42.251666666666665,140.27166666666668,8.0,23086
00145,森,渡島地方,42.06666666666667,140.58833333333334,125.0,23166
00146,大沼,渡島地方,41.97666666666667,140.715,165.0,23191
00147,川汲,渡島地方,41.905,140.97,25.0,23206
00148,北斗,渡島地方,41.88666666666667,140.65333333333334,25.0,23226
00152,松前,渡島地方,41.42333333333333,140.08666666666667,30.0,23376
00153,せたな,檜山地方,42.45,139.85166666666666,10.0,24041
00154,今金,檜山地方,42.428333333333335,140.00833333333333,19.0,24051
00155,熊石,渡島地方,42.12833333333333,139.985,12.0,24141
00156,潮見,檜山地方,42.03833333333333,140.08833333333334,50.0,24166
00160,蟹田,青森県,41.045,140.63333333333333,5.0,31201
00162,野辺地,青森県,40.885,141.16,14.0,31332
00163,鰺ケ沢,青森県,40.77666666666666,140.205,40.0,31366
00164,五所川原,青森県,40.80833333333333,140.45833333333334,9.0,31296
00166,弘前,青森県,40.611666666666665,140.455,30.0,31461
00167,黒石,青森県,40.66666666666666,140.585,30.0,31466
00169,三沢,青森県,40.675,141.375,39.0,31506
00172,十和田,青森県,40.595,141.24666666666667,42.0,31586
00174,大鰐,青森県,40.53,140.555,63.0,31551
00175,碇ケ関,青森県,40.48166666666667,140.62,135.0,31646
00177,休屋,青森県,40.42666666666667,140.89833333333334,414.0,31662
00179,三戸,青森県,40.38333333333333,141.25666666666666,60.0,31721
00181,陣場,秋田県,40.403333333333336,140.60833333333332,176.0,32091
00183,能代,秋田県,40.19833333333333,140.03166666666667,6.0,32111
00184,鷹巣,秋田県,40.22666666666667,140.37166666666667,29.0,32126
00185,鹿角,秋田県,40.215,140.78666666666666,123.0,32146
00186,湯瀬,秋田県,40.12,140.84,214.0,32206
00188,五城目,秋田県,39.93833333333333,140.115,6.0,32296
00192,岩見三内,秋田県,39.70666666666666,140.28666666666666,41.0,32407
00193,角館,秋田県,39.60333333333333,140.55666666666667,56.0,32466
00194,田沢湖,秋田県,39.69833333333333,140.73166666666663,230.0,32476
00195,大曲,秋田県,39.49,140.495,30.0,32551
00196,本荘,秋田県,39.36,140.055,11.0,32571
00198,横手,秋田県,39.32,140.555,59.0,32596
00199,にかほ,秋田県,39.255,139.91333333333333,7.0,32616
00200,矢島,秋田県,39.235,140.13666666666666,46.0,32626
00202,湯沢,秋田県,39.18666666666667,140.46333333333334,74.0,32691
00204,湯の岱,秋田県,38.96,140.52833333333334,335.0,32771
00205,種市,岩手県,40.403333333333336,141.7,70.0,33006
00206,軽米,岩手県,40.31666666666667,141.47333333333333,153.0,33026
00207,二戸,岩手県,40.29833333333333,141.29833333333335,87.0,33071
00209,久慈,岩手県,40.16833333333334,141.7483333333333,13.0,33146
00211,葛巻,岩手県,40.03833333333333,141.43666666666667,390.0,33186
00214,岩手松尾,岩手県,39.95166666666667,141.065,275.0,33226
00218,岩泉,岩手県,39.84666666666666,141.795,105.0,33326
00221,雫石,岩手県,39.696666666666665,140.975,195.0,33421
00226,豊沢,岩手県,39.48,140.96833333333333,300.0,33566
00227,花巻,岩手県,39.428333333333335,141.135,90.0,33576
00228,大迫,岩手県,39.47,141.27833333333334,150.0,33581
00229,湯田,岩手県,39.31,140.77666666666667,250.0,33631
00230,北上,岩手県,39.28833333333333,141.11,61.0,33716
00231,遠野,岩手県,39.33833333333333,141.54333333333332,275.0,33671
00233,釜石,岩手県,39.27,141.87833333333333,5.0,33751
00235,若柳,岩手県,39.13166666666667,141.06333333333333,100.0,33776
00236,江刺,岩手県,39.18333333333333,141.16166666666666,42.0,33781
00238,一関,岩手県,38.93333333333333,141.125,32.0,33911
00239,千厩,岩手県,38.92166666666667,141.33,120.0,33921
00242,気仙沼,宮城県,38.906666666666666,141.55666666666667,62.0,34026
00243,川渡,宮城県,38.74333333333333,140.76,170.0,34096
00244,築館,宮城県,38.735,141.005,25.0,34111
00246,志津川,宮城県,38.681666666666665,141.44833333333332,39.0,34186
00247,古川,宮城県,38.598333333333336,140.91166666666666,28.0,34216
00248,大衡,宮城県,38.473333333333336,140.88833333333332,57.0,34266
00249,鹿島台,宮城県,38.46,141.09166666666667,3.0,34276
00251,新川,宮城県,38.303333333333335,140.63666666666666,265.0,34311
00256,白石,宮城県,38.015,140.61166666666668,86.0,34461
00257,亘理,宮城県,38.025,140.85833333333332,4.0,34471
00260,差首鍋,山形県,38.91833333333334,140.2,88.0,35071
00262,金山,山形県,38.87833333333333,140.33166666666668,170.0,35116
00263,鶴岡,山形県,38.735,139.82833333333335,16.0,35141
00264,狩川,山形県,38.8,139.97333333333333,17.0,35146
00266,瀬見,山形県,38.755,140.41333333333333,150.0,35171
00268,櫛引,山形県,38.67166666666667,139.84833333333333,33.0,35201
00272,左沢,山形県,38.37,140.19166666666666,133.0,35376
00275,長井,山形県,38.105,140.015,210.0,35456
00277,小国,山形県,38.07833333333333,139.735,140.0,35486
00278,高峰,山形県,37.998333333333335,139.95666666666668,250.0,35541
00279,米沢,山形県,37.91166666666667,140.14333333333337,245.0,35552
00281,梁川,福島県,37.85166666666667,140.58833333333334,43.0,36066
00285,相馬,福島県,37.78333333333333,140.925,9.0,36151
00286,喜多方,福島県,37.65833333333333,139.86333333333334,212.0,36176
00288,原町,福島県,37.638333333333335,140.98333333333332,17.0,36231
00290,猪苗代,福島県,37.55166666666667,140.10833333333332,519.0,36276
00291,二本松,福島県,37.583333333333336,140.43,235.0,36291
00294,船引,福島県,37.435,140.57666666666665,421.0,36391
00295,浪江,福島県,37.49166666666667,140.965,47.0,36411
00297,只見,福島県,37.34333333333333,139.31333333333333,377.0,36426
00299,郡山,福島県,37.36833333333333,140.33,249.0,36476
00300,富岡,福島県,37.34666666666666,141.01666666666668,50.0,36511
00301,南郷,福島県,37.265,139.53666666666666,494.0,36536
00303,田島,福島県,37.20666666666666,139.795,544.0,36641
00304,小野新町,福島県,37.28666666666667,140.625,433.0,36591
00307,石川,福島県,37.14666666666667,140.46,290.0,36676
00310,平,福島県,37.065,140.8766666666667,12.0,36781
00312,東白川,福島県,36.93833333333333,140.40833333333333,183.0,36821
00314,花園,茨城県,36.86833333333333,140.63666666666666,370.0,40041
00315,北茨城,茨城県,36.833333333333336,140.77166666666668,5.0,40046
00316,大子,茨城県,36.778333333333336,140.345,120.0,40061
00318,笠間,茨城県,36.395,140.24,72.0,40191
00320,古河,茨城県,36.20166666666667,139.71666666666667,20.0,40221
00322,下妻,茨城県,36.16833333333334,139.945,20.0,40281
00323,坂東,茨城県,36.035,139.89333333333337,16.0,40326
00324,土浦,茨城県,36.10333333333333,140.22,26.0,40341
00325,鹿嶋,茨城県,35.96333333333333,140.62166666666667,37.0,40406
00326,那須高原,栃木県,37.123333333333335,140.035,749.0,41011
00329,黒磯,栃木県,36.98166666666667,140.01833333333337,343.0,41091
00331,大田原,栃木県,36.84,140.035,188.0,41141
00334,高根沢,栃木県,36.60666666666667,139.9983333333333,148.0,41241
00335,鹿沼,栃木県,36.59166666666667,139.735,165.0,41271
00337,葛生,栃木県,36.431666666666665,139.59,120.0,41311
00338,真岡,栃木県,36.47666666666667,139.98666666666668,91.0,41331
00339,足利,栃木県,36.30166666666667,139.47333333333333,28.0,41356
00340,栃木,栃木県,36.373333333333335,139.70333333333335,65.0,41371
00341,小山,栃木県,36.33833333333333,139.83,44.0,41376
00343,草津,群馬県,36.61666666666667,138.59166666666667,1223.0,42121
00346,沼田,群馬県,36.653333333333336,139.06,439.0,42146
00348,田代,群馬県,36.46333333333333,138.46333333333334,1230.0,42221
00349,榛名山,群馬県,36.47166666666666,138.8733333333333,1088.0,42241
00351,桐生,群馬県,36.41,139.325,117.0,42266
00353,上里見,群馬県,36.376666666666665,138.895,183.0,42286
00354,西野牧,群馬県,36.245,138.70666666666668,375.0,42326
00355,藤岡,群馬県,36.24166666666667,139.07,95.0,42341
00356,館林,群馬県,36.23333333333333,139.53166666666667,21.0,42366
00359,久喜,埼玉県,36.086666666666666,139.635,12.0,43126
00362,飯能,埼玉県,35.83833333333333,139.32166666666666,84.0,43231
00363,さいたま,埼玉県,35.875,139.58666666666667,8.0,43241
00364,越谷,埼玉県,35.88333333333333,139.75666666666666,3.0,43256
00365,小河内,東京都,35.791666666666664,139.05,530.0,44046
00366,八王子,東京都,35.666666666666664,139.31666666666666,123.0,44112
00368,世田谷,東京都,35.626666666666665,139.62,35.0,44126
00370,江戸川臨海,東京都,35.638333333333335,139.86333333333334,5.0,44136
00371,羽田,東京都,35.553333333333335,139.78,6.0,44166
00375,香取,千葉県,35.858333333333334,140.5016666666667,37.0,45081
00376,我孫子,千葉県,35.86333333333333,140.11,20.0,45061
00377,東庄,千葉県,35.821666666666665,140.685,52.0,45086
00378,成田,千葉県,35.763333333333335,140.385,41.0,45121
00381,茂原,千葉県,35.416666666666664,140.31,9.0,45261
00382,木更津,千葉県,35.361666666666665,139.94,60.0,45282
00383,鋸南,千葉県,35.12166666666667,139.83666666666667,10.0,45346
00384,鴨川,千葉県,35.111666666666665,140.1,5.0,45361
00387,相模湖,神奈川県,35.61333333333333,139.19333333333333,188.0,46001
00388,海老名,神奈川県,35.43333333333333,139.38666666666666,18.0,46091
00390,箱根,神奈川県,35.221666666666664,139.04166666666666,855.0,46161
00392,三浦,神奈川県,35.178333333333335,139.63,42.0,46211
00393,野沢温泉,長野県,36.91166666666667,138.44166666666666,576.0,48031
00394,信濃町,長野県,36.80833333333333,138.19666666666666,685.0,48061
00395,飯山,長野県,36.875,138.375,313.0,48066
00396,白馬,長野県,36.69833333333333,137.86166666666668,703.0,48141
00398,笠岳,長野県,36.66666666666666,138.45666666666668,1490.0,48172
00399,大町,長野県,36.52333333333333,137.83333333333334,784.0,48191
00400,信州新町,長野県,36.54833333333333,137.99666666666667,509.0,48196
00402,上田,長野県,36.4,138.265,502.0,48256
00404,穂高,長野県,36.34333333333333,137.88166666666666,540.0,48296
00407,鹿教湯,長野県,36.30166666666667,138.13666666666666,721.0,48371
00408,佐久,長野県,36.24666666666667,138.47666666666666,683.0,48386
00413,木曽平沢,長野県,35.983333333333334,137.835,900.0,48541
00414,原村,長野県,35.97,138.22,1017.0,48561
00415,野辺山,長野県,35.94833333333333,138.47166666666666,1350.0,48571
00416,御嶽山,長野県,35.87166666666667,137.50333333333333,2195.0,48601
00417,木曽福島,長野県,35.84,137.68833333333333,750.0,48606
00418,高遠,長野県,35.83833333333333,138.05666666666667,780.0,48556
00420,宮田高原,長野県,35.77333333333333,137.885,1660.0,48681
00422,須原,長野県,35.69833333333333,137.69166666666666,535.0,48716
00424,飯島,長野県,35.653333333333336,137.89833333333334,728.0,48731
00433,勝沼,山梨県,35.663333333333334,138.725,394.0,49151
00434,大月,山梨県,35.608333333333334,138.93833333333333,364.0,49161
00436,古関,山梨県,35.528333333333336,138.615,552.0,49196
00438,山中,山梨県,35.43666666666667,138.83666666666667,992.0,49256
00439,南部,山梨県,35.288333333333334,138.445,141.0,49316
00440,白糸,静岡県,35.31166666666667,138.57833333333335,530.0,50056
00441,御殿場,静岡県,35.305,138.92666666666668,472.0,50136
00442,富士,静岡県,35.185,138.66333333333333,66.0,50196
00444,越木平,静岡県,35.01,137.98,552.0,50231
00445,川根本町,静岡県,35.10166666666667,138.12833333333333,290.0,50241
00448,高根山,静岡県,34.975,138.19666666666666,415.0,50317
00451,天竜,静岡県,34.89,137.81333333333333,61.0,50386
00453,湯ケ島,静岡県,34.9,138.925,165.0,50426
00454,天城山,静岡県,34.87166666666667,139.02333333333334,1066.0,50427
00456,松崎,静岡県,34.755,138.78333333333333,4.0,50491
00457,稲取,静岡県,34.781666666666666,139.04833333333335,130.0,50506
00460,一宮,愛知県,35.29833333333333,136.85333333333332,11.0,51011
00462,茶臼山,愛知県,35.22,137.66,1216.0,51077
00464,豊田,愛知県,35.13166666666667,137.17666666666668,75.0,51116
00467,岡崎,愛知県,34.91833333333334,137.19333333333333,47.0,51226
00468,作手,愛知県,34.97666666666667,137.425,532.0,51241
00469,一色,愛知県,34.81166666666667,137.02833333333334,12.0,51271
00470,豊橋,愛知県,34.75,137.34166666666667,3.0,51331
00472,田原,愛知県,34.626666666666665,137.22166666666666,45.0,51356
00473,神岡,岐阜県,36.321666666666665,137.30833333333334,455.0,52051
00480,船山,岐阜県,36.035,137.26,880.0,52192
00483,萩原,岐阜県,35.888333333333335,137.20666666666668,425.0,52286
00485,八幡,岐阜県,35.75666666666667,136.97833333333332,250.0,52331
00486,樽見,岐阜県,35.638333333333335,136.60333333333332,190.0,52381
00487,金山,岐阜県,35.66166666666667,137.16,233.0,52406
00490,伽藍,岐阜県,35.515,137.23,650.0,52476
00491,美濃加茂,岐阜県,35.445,137.005,74.0,52536
00493,恵那,岐阜県,35.446666666666665,137.40333333333334,315.0,52556
00494,中津川,岐阜県,35.47666666666667,137.48666666666668,378.0,52557
00495,関ケ原,岐阜県,35.36333333333334,136.46666666666667,130.0,52571
00496,大垣,岐阜県,35.346666666666664,136.62,6.0,52581
00499,北勢,三重県,35.14333333333333,136.53833333333333,125.0,53016
00500,桑名,三重県,35.05,136.69333333333333,3.0,53041
00503,亀山,三重県,34.87,136.45333333333335,70.0,53091
00505,笠取山,三重県,34.725,136.30833333333334,810.0,53121
00507,名張,三重県,34.626666666666665,136.10833333333332,226.0,53141
00509,小俣,三重県,34.528333333333336,136.665,10.0,53196
00510,粥見,三重県,34.44833333333333,136.39,120.0,53231
00511,藤坂峠,三重県,34.32333333333333,136.48833333333334,560.0,53287
00515,村上,新潟県,38.22666666666667,139.47833333333332,10.0,54086
00518,両津,新潟県,38.07333333333333,138.44,2.0,54166
00521,新津,新潟県,37.79166666666666,139.08666666666667,3.0,54296
00522,巻,新潟県,37.76833333333333,138.91333333333333,2.0,54341
00524,寺泊,新潟県,37.64,138.76666666666668,44.0,54387
00525,三条,新潟県,37.64,138.955,9.0,54396
00526,村松,新潟県,37.696666666666665,139.18833333333333,25.0,54406
00527,津川,新潟県,37.67166666666667,139.44666666666666,100.0,54421
00529,長岡,新潟県,37.45,138.82333333333332,23.0,54501
00530,栃尾,新潟県,37.475,138.99166666666667,83.0,54506
00532,柏崎,新潟県,37.35166666666667,138.55333333333334,7.0,54541
00534,小出,新潟県,37.22666666666667,138.96333333333334,98.0,54616
00536,安塚,新潟県,37.10666666666667,138.45666666666668,126.0,54661
00537,十日町,新潟県,37.14333333333333,138.72666666666666,170.0,54676
00539,糸魚川,新潟県,37.04333333333334,137.875,8.0,54711
00540,能生,新潟県,37.083333333333336,138.02333333333334,55.0,54721
00543,津南,新潟県,36.99666666666667,138.68333333333334,452.0,54836
00544,湯沢,新潟県,36.94166666666667,138.81,340.0,54841
00546,泊,富山県,36.95166666666667,137.55166666666668,13.0,55021
00547,魚津,富山県,36.821666666666665,137.42833333333334,48.0,55056
00552,砺波,富山県,36.61,136.955,69.0,55141
00553,上市,富山県,36.67,137.42333333333335,296.0,55166
00554,南砺高宮,富山県,36.545,136.87166666666667,91.0,55191
00555,八尾,富山県,36.57833333333333,137.13166666666666,78.0,55206
00560,珠洲,石川県,37.446666666666665,137.28666666666666,4.0,56036
00562,門前,石川県,37.26166666666666,136.72833333333332,11.0,56081
00564,志賀,石川県,37.14333333333333,136.725,6.0,56116
00565,七尾,石川県,37.03,136.99166666666667,58.0,56146
00566,羽咋,石川県,36.89333333333333,136.77666666666667,15.0,56176
00567,かほく,石川県,36.711666666666666,136.69166666666666,42.0,56186
00570,医王山,石川県,36.52,136.745,420.0,56232
00571,加賀菅谷,石川県,36.23,136.36166666666668,83.0,56301
00573,大野,福井県,35.971666666666664,136.49666666666667,182.0,57121
00577,今庄,福井県,35.766666666666666,136.2,128.0,57206
00579,小浜,福井県,35.483333333333334,135.78166666666667,10.0,57317
00580,今津,滋賀県,35.41166666666667,136.02833333333334,88.0,60051
00584,近江八幡,滋賀県,35.126666666666665,136.09166666666667,90.0,60161
00586,大津,滋賀県,34.99166666666667,135.91166666666666,86.0,60216
00587,土山,滋賀県,34.93833333333333,136.27833333333334,248.0,60236
00588,峰山,京都府,35.61833333333333,135.07166666666666,23.0,61031
00589,宮津,京都府,35.55,135.235,2.0,61076
00593,福知山,京都府,35.31166666666667,135.11333333333334,17.0,61187
00596,園部,京都府,35.108333333333334,135.455,134.0,61242
00598,京田辺,京都府,34.83,135.76,20.0,61326
00600,能勢,大阪府,34.94833333333333,135.455,235.0,62016
00602,豊中,大阪府,34.78333333333333,135.43833333333333,12.0,62051
00604,生駒山,大阪府,34.675,135.67666666666668,626.0,62081
00605,河内長野,大阪府,34.42333333333333,135.54333333333332,160.0,62111
00606,熊取,大阪府,34.385,135.35,68.0,62131
00607,香住,兵庫県,35.625,134.6266666666667,5.0,63016
00608,温泉,兵庫県,35.528333333333336,134.48,233.0,63032
00611,八鹿,兵庫県,35.39833333333333,134.74,183.0,63116
00612,和田山,兵庫県,35.32333333333333,134.84833333333333,80.0,63121
00613,生野,兵庫県,35.166666666666664,134.79166666666666,320.0,63201
00614,柏原,兵庫県,35.13666666666666,135.065,98.0,63216
00615,一宮,兵庫県,35.096666666666664,134.585,195.0,63251
00617,佐用,兵庫県,35.016666666666666,134.36833333333334,120.0,63241
00618,後川,兵庫県,35.025,135.29333333333332,330.0,63346
00619,上郡,兵庫県,34.858333333333334,134.3733333333333,20.0,63366
00624,家島,兵庫県,34.67166666666667,134.52666666666667,88.0,63491
00625,明石,兵庫県,34.68666666666667,134.8766666666667,3.0,63496
00630,針,奈良県,34.605,135.95166666666665,468.0,64041
00631,田原本,奈良県,34.555,135.785,50.0,64056
00632,曽爾,奈良県,34.52166666666667,136.15833333333333,610.0,64076
00633,大宇陀,奈良県,34.48833333333334,135.93166666666667,349.0,64101
00635,五條,奈良県,34.38,135.73,190.0,64127
00641,玉置山,奈良県,33.92666666666667,135.83,1077.0,64261
00642,葛城山,和歌山県,34.346666666666664,135.43666666666667,840.0,65021
00645,高野山,和歌山県,34.221666666666664,135.59,795.0,65061
00646,護摩壇山,和歌山県,34.04,135.56666666666666,1130.0,65127
00649,新宮,和歌山県,33.68666666666667,135.97,18.0,65276
00651,日置川,和歌山県,33.605,135.48,17.0,65321
00655,今岡,岡山県,35.098333333333336,134.325,207.0,66136
00656,久世,岡山県,35.068333333333335,133.75333333333333,144.0,66171
00658,新見,岡山県,34.943333333333335,133.51833333333337,393.0,66221
00660,赤磐,岡山県,34.91833333333334,134.08166666666668,56.0,66251
00661,陣山,岡山県,34.82833333333333,133.52333333333334,529.0,66276
00663,福渡,岡山県,34.86666666666667,133.90333333333334,63.0,66296
00664,和気,岡山県,34.815,134.18333333333334,35.0,66306
00665,佐屋,岡山県,34.685,133.445,390.0,66381
00666,矢掛,岡山県,34.61666666666667,133.61833333333334,18.0,66391
00668,虫明,岡山県,34.681666666666665,134.20666666666668,10.0,66421
00669,倉敷,岡山県,34.59,133.76833333333337,3.0,66446
00670,玉野,岡山県,34.486666666666665,133.95,2.0,66501
00671,道後山,広島県,35.056666666666665,133.18833333333333,729.0,67026
00674,三次,広島県,34.81166666666667,132.85,159.0,67106
00675,庄原,広島県,34.86,133.02333333333334,300.0,67116
00676,大朝,広島県,34.76833333333333,132.46333333333334,399.0,67151
00677,加計,広島県,34.61,132.32,210.0,67212
00679,上下,広島県,34.693333333333335,133.11666666666667,384.0,67251
00680,内黒山,広島県,34.596666666666664,132.17666666666668,987.0,67271
00681,世羅,広島県,34.583333333333336,133.05,350.0,67316
00683,東広島,広島県,34.416666666666664,132.7,224.0,67376
00686,竹原,広島県,34.33,132.98166666666663,5.0,67461
00687,生口島,広島県,34.278333333333336,133.1233333333333,3.0,67471
00688,大竹,広島県,34.221666666666664,132.22,1.0,67496
00690,倉橋,広島県,34.09166666666667,132.48833333333334,3.0,67566
00693,鹿島,島根県,35.52,133.02166666666668,5.0,68091
00694,斐川,島根県,35.413333333333334,132.89,2.0,68121
00696,大東,島根県,35.318333333333335,132.965,56.0,68166
00697,大田,島根県,35.19,132.49666666666667,30.0,68246
00698,掛合,島根県,35.196666666666665,132.815,215.0,68261
00699,横田,島根県,35.17333333333333,133.10333333333332,369.0,68276
00701,川本,島根県,34.97666666666667,132.49166666666667,132.0,68351
00703,三隅,島根県,34.788333333333334,131.95833333333334,11.0,68421
00704,益田,島根県,34.67666666666667,131.84333333333333,4.0,68462
00707,津和野,島根県,34.461666666666666,131.77,165.0,68516
00709,青谷,鳥取県,35.52,133.99666666666667,13.0,69041
00711,岩井,鳥取県,35.55833333333333,134.36,19.0,69061
00713,倉吉,鳥取県,35.473333333333336,133.83833333333334,8.0,69101
00716,大山,鳥取県,35.39333333333333,133.53666666666666,875.0,69152
00718,智頭,鳥取県,35.263333333333335,134.24,182.0,69246
00720,池田,徳島県,34.02333333333333,133.795,214.0,71066
00724,日和佐,徳島県,33.73166666666667,134.53833333333333,3.0,71266
00726,内海,香川県,34.471666666666664,134.27333333333334,20.0,72061
00729,滝宮,香川県,34.236666666666665,133.92333333333335,60.0,72121
00730,引田,香川県,34.21333333333333,134.40666666666667,12.0,72146
00731,竜王山,香川県,34.11333333333334,134.05,1040.0,72176
00732,大三島,愛媛県,34.25,133.00666666666666,9.0,73001
00733,玉川,愛媛県,34.01833333333333,132.94,67.0,73071
00734,新居浜,愛媛県,33.96,133.28166666666667,6.0,73136
00735,四国中央,愛媛県,33.98166666666667,133.58166666666668,75.0,73151
00737,上林,愛媛県,33.73833333333333,132.89,460.0,73231
00738,成就社,愛媛県,33.795,133.13166666666666,1280.0,73247
00739,長浜,愛媛県,33.61666666666667,132.48,4.0,73256
00740,中山,愛媛県,33.638333333333335,132.70833333333334,163.0,73271
00741,久万,愛媛県,33.663333333333334,132.895,511.0,73276
00742,獅子越峠,愛媛県,33.54333333333334,132.83166666666668,1000.0,73321
00743,八幡浜,愛媛県,33.44833333333333,132.43333333333334,8.0,73351
00745,御荘,愛媛県,32.96333333333333,132.57,12.0,73516
00746,本山,高知県,33.75333333333333,133.575,252.0,74071
00747,繁藤,高知県,33.678333333333335,133.685,346.0,74126
00748,佐川,高知県,33.51166666666666,133.27166666666668,80.0,74166
00753,鳥形山,高知県,33.48,133.08333333333334,835.0,74238
00754,船戸,高知県,33.416666666666664,133.08833333333334,428.0,74237
00755,安芸,高知県,33.48833333333334,133.93333333333334,6.0,74271
00756,須崎,高知県,33.385,133.27666666666667,4.0,74311
00757,佐喜浜,高知県,33.39333333333333,134.205,12.0,74336
00758,窪川,高知県,33.20666666666666,133.12833333333333,205.0,74361
00761,大正,高知県,33.193333333333335,132.97166666666666,150.0,74391
00763,中村,高知県,32.99,132.92,8.0,74456
00765,須佐,山口県,34.615,131.6233333333333,50.0,81011
00767,徳佐,山口県,34.39833333333333,131.725,310.0,81151
00769,秋吉台,山口県,34.235,131.30666666666667,240.0,81196
00771,広瀬,山口県,34.26166666666666,131.95166666666665,97.0,81231
00772,豊田,山口県,34.18666666666667,131.07666666666665,40.0,81266
00775,防府,山口県,34.04,131.53333333333333,4.0,81371
00776,下松,山口県,34.02,131.8733333333333,52.0,81386
00778,宇部,山口県,33.93,131.27833333333334,5.0,81436
00779,安下庄,山口県,33.903333333333336,132.29333333333332,5.0,81486
00780,八幡,福岡県,33.85166666666667,130.74333333333334,20.0,82056
00782,行橋,福岡県,33.71333333333333,130.975,9.0,82101
00785,前原,福岡県,33.56,130.19,5.0,82171
00788,朝倉,福岡県,33.405,130.695,36.0,82261
00789,英彦山,福岡県,33.48833333333334,130.92333333333335,823.0,82272
00790,久留米,福岡県,33.303333333333335,130.49333333333334,7.0,82306
00791,耳納山,福岡県,33.291666666666664,130.625,607.0,82316
00792,黒木,福岡県,33.225,130.645,144.0,82317
00793,大牟田,福岡県,33.00666666666667,130.46666666666667,40.0,82361
00794,中津,大分県,33.586666666666666,131.245,12.0,83051
00795,豊後高田,大分県,33.57,131.43333333333334,5.0,83061
00796,武蔵,大分県,33.47833333333333,131.73666666666668,5.0,83126
00799,湯布院,大分県,33.25333333333333,131.34666666666666,435.0,83201
00801,佐賀関,大分県,33.248333333333335,131.865,1.0,83226
00805,犬飼,大分県,33.065,131.63166666666666,100.0,83341
00806,竹田,大分県,32.973333333333336,131.39833333333334,261.0,83371
00808,佐伯,大分県,32.95,131.90166666666667,2.0,83401
00810,蒲江,大分県,32.795,131.92333333333335,2.0,83476
00814,松浦,長崎県,33.34166666666667,129.71166666666667,14.0,84183
00817,大瀬戸,長崎県,32.94833333333333,129.63166666666666,43.0,84356
00818,長浦岳,長崎県,32.90833333333333,129.73833333333334,510.0,84361
00820,諫早,長崎県,32.843333333333334,130.025,15.0,84441
00829,白石,佐賀県,33.18333333333333,130.14833333333334,2.0,85166
00830,嬉野,佐賀県,33.11666666666667,129.995,81.0,85161
00832,鹿北,熊本県,33.115,130.69166666666666,119.0,86006
00833,南小国,熊本県,33.10333333333333,131.06666666666666,448.0,86066
00834,岱明,熊本県,32.915,130.51166666666666,15.0,86086
00835,菊池,熊本県,32.945,130.78166666666667,83.0,86101
00840,高森,熊本県,32.821666666666665,131.125,555.0,86161
00842,甲佐,熊本県,32.645,130.81,36.0,86236
00843,松島,熊本県,32.515,130.44666666666666,2.0,86271
00845,本渡,熊本県,32.468333333333334,130.18,30.0,86316
00846,八代,熊本県,32.473333333333336,130.60666666666663,8.0,86336
00852,高千穂,宮崎県,32.711666666666666,131.29,350.0,87041
00857,日向,宮崎県,32.40833333333333,131.6,20.0,87181
00859,高鍋,宮崎県,32.123333333333335,131.52666666666667,4.0,87292
00860,加久藤,宮崎県,32.04666666666667,130.81,228.0,87301
00861,西都,宮崎県,32.06333333333333,131.41333333333333,8.0,87331
00862,えびの,宮崎県,31.945,130.84,1150.0,87346
00863,小林,宮崎県,32.0,130.95333333333335,276.0,87352
00864,野尻,宮崎県,31.956666666666667,131.15666666666667,182.0,87361
00865,国富,宮崎県,32.00666666666667,131.29666666666665,66.0,87371
00868,青島,宮崎県,31.80333333333333,131.46,8.0,87411
00872,串間,宮崎県,31.465,131.22,20.0,87501
00875,大口,鹿児島県,32.04666666666667,130.6266666666667,175.0,88081
00877,紫尾山,鹿児島県,31.98,130.36666666666667,1060.0,88101
00878,さつま柏原,鹿児島県,31.916666666666668,130.455,59.0,88107
00879,中甑,鹿児島県,31.835,129.86666666666667,10.0,88131
00880,川内,鹿児島県,31.83333333333333,130.315,5.0,88151
00881,溝辺,鹿児島県,31.80333333333333,130.71833333333333,272.0,88166
00882,八重山,鹿児島県,31.746666666666663,130.43833333333333,533.0,88211
00883,東市来,鹿児島県,31.668333333333333,130.32833333333335,40.0,88261
00887,加世田,鹿児島県,31.415,130.325,9.0,88371
00888,吉ケ別府,鹿児島県,31.461666666666662,130.86,100.0,88392
00890,喜入,鹿児島県,31.386666666666667,130.54,4.0,88432
00893,指宿,鹿児島県,31.25,130.63666666666666,5.0,88486
00895,内之浦,鹿児島県,31.276666666666667,131.055,8.0,88506
00897,中種子,鹿児島県,30.605,130.99166666666667,234.0,88621
00898,上中,鹿児島県,30.406666666666663,130.90166666666667,150.0,88666
00899,尾之間,鹿児島県,30.235,130.555,60.0,88706
00901,奥,沖縄県,26.835,128.27166666666668,232.0,91021
00906,読谷,沖縄県,26.405,127.74166666666666,99.0,91121
00907,胡屋,沖縄県,26.326666666666668,127.805,86.0,91161
00909,糸数,沖縄県,26.15333333333333,127.765,186.0,91241
00910,向町,山形県,38.75833333333333,140.51666666666668,212.0,35176
00911,江戸崎,茨城県,35.96,140.32,25.0,40391
00912,大館,秋田県,40.251666666666665,140.505,49.0,32136
00913,玖珂,山口県,34.095,132.075,68.0,81397
00916,佐倉,千葉県,35.72833333333333,140.21166666666667,5.0,45116
00917,木古内,渡島地方,41.68666666666667,140.445,6.0,23326
00919,笠岡,岡山県,34.501666666666665,133.495,0.0,66481
00921,梼原,高知県,33.39,132.92166666666665,415.0,74296
00922,口之津,長崎県,32.611666666666665,130.19333333333333,13.0,84561
00923,益城,熊本県,32.836666666666666,130.855,193.0,86146
00924,水俣,熊本県,32.205,130.40666666666667,6.0,86451
00925,多良木,熊本県,32.295,130.95,210.0,86478
00926,上,熊本県,32.225,130.905,166.0,86477
00928,京北,京都府,35.181666666666665,135.66166666666666,260.0,61251
00929,下呰部,岡山県,34.965,133.62833333333333,180.0,66226
00930,高梁,岡山県,34.791666666666664,133.61,60.0,66336
00931,院内,大分県,33.42,131.31666666666666,90.0,83106
00932,玖珠,大分県,33.291666666666664,131.155,331.0,83191
00933,臼杵,大分県,33.13166666666667,131.79666666666665,30.0,83286
00934,出水,鹿児島県,32.093333333333334,130.35166666666666,11.0,88066
00935,牧之原,鹿児島県,31.661666666666665,130.84333333333333,387.0,88286
00936,志布志,鹿児島県,31.47833333333333,131.095,70.0,88406
00937,鹿屋,鹿児島県,31.391666666666666,130.86333333333334,80.0,88442
00939,油谷,山口県,34.37,131.055,20.0,81116
00940,岩国,山口県,34.155,132.17833333333334,41.0,81321
00942,柳井,山口県,33.958333333333336,132.11333333333334,3.0,81481
00943,宗像,福岡県,33.80833333333333,130.53833333333333,7.0,82046
00945,柳川,福岡県,33.16,130.40333333333334,7.0,82331
00946,田浦,熊本県,32.36333333333334,130.50833333333333,3.0,86396
00947,高野,広島県,35.03333333333333,132.90166666666667,570.0,67016
00948,東城,広島県,34.895,133.27666666666667,310.0,67126
00949,甲田,広島県,34.695,132.76,185.0,67231
00950,三入,広島県,34.545,132.53,70.0,67292
00951,府中,広島県,34.56166666666667,133.23166666666663,70.0,67326
00954,佐田,島根県,35.221666666666664,132.72333333333333,100.0,68206
00955,田野,高知県,33.42666666666667,134.00666666666666,17.0,74276
00956,西脇,兵庫県,34.998333333333335,134.99666666666667,72.0,63331
00957,上北山,奈良県,34.13666666666666,136.005,334.0,64206
00958,西条,愛媛県,33.915,133.08,4.0,73126
00959,大洲,愛媛県,33.50833333333333,132.535,20.0,73306
00961,宇和,愛媛県,33.36666666666667,132.50333333333333,200.0,73406
00962,島原,長崎県,32.74166666666667,130.375,6.0,84523
00963,東近江,滋賀県,35.06166666666667,136.19,128.0,60196
00964,信楽,滋賀県,34.913333333333334,136.08,265.0,60226
00965,間人,京都府,35.736666666666665,135.08666666666667,42.0,61001
00966,本庄,京都府,35.26,135.395,95.0,61201
00967,大屋,兵庫県,35.33166666666666,134.665,150.0,63111
00968,福崎,兵庫県,34.95,134.7483333333333,72.0,63321
00969,三田,兵庫県,34.895,135.21166666666667,150.0,63411
00970,郡家,兵庫県,34.46666666666667,134.84833333333333,5.0,63551
00971,栗栖川,和歌山県,33.791666666666664,135.51333333333332,160.0,65256
00972,穴吹,徳島県,34.04,134.15666666666667,160.0,71087
00973,白山河内,石川県,36.39666666666667,136.62,136.0,56286
00974,美山,福井県,35.998333333333335,136.35833333333332,70.0,57071
00976,長浜,滋賀県,35.42333333333333,136.24166666666667,95.0,60061
00977,兎和野高原,兵庫県,35.431666666666665,134.58333333333334,540.0,63071
00978,湯浅,和歌山県,34.035,135.18166666666667,8.0,65106
00979,耶馬渓,大分県,33.445,131.115,100.0,83096
00980,古仁屋,鹿児島県,28.14333333333333,129.315,2.0,88901
00981,宇登呂,網走・北見・紋別地方,44.05166666666667,144.98166666666663,144.0,17351
00982,稲武,愛知県,35.211666666666666,137.50666666666666,505.0,51071
00983,蟹江,愛知県,35.13666666666666,136.79166666666666,2.0,51096
00984,南知多,愛知県,34.74,136.93833333333333,16.0,51311
00985,雄勝,宮城県,38.52166666666667,141.47,5.0,34241
00986,佐久間,静岡県,35.056666666666665,137.76166666666666,150.0,50226
00987,土肥,静岡県,34.876666666666665,138.76166666666666,92.0,50416
00988,三ヶ日,静岡県,34.80166666666667,137.55666666666667,2.0,50371
00989,掛川,静岡県,34.78,137.96666666666667,23.0,50466
00992,菅平,長野県,36.531666666666666,138.325,1253.0,48216
00993,東御,長野県,36.38333333333333,138.38333333333333,958.0,48321
00994,上高地,長野県,36.248333333333335,137.63333333333333,1510.0,48346
00995,粟島,新潟県,38.461666666666666,139.2516666666667,4.0,54011
00996,羽茂,新潟県,37.84166666666667,138.31333333333333,11.0,54271
00997,守門,新潟県,37.34666666666666,139.04333333333332,222.0,54566
00998,関山,新潟県,36.93333333333333,138.22166666666666,350.0,54816
00999,月形,空知地方,43.33,141.61666666666667,50.0,15311
01000,三峰,埼玉県,35.92666666666667,138.92333333333335,975.0,43151
01001,青梅,東京都,35.788333333333334,139.31166666666667,155.0,44056
01002,練馬,東京都,35.73833333333333,139.59166666666667,51.0,44071
01003,横芝光,千葉県,35.656666666666666,140.48,6.0,45181
01004,大多喜,千葉県,35.251666666666665,140.215,70.0,45331
01005,相模原中央,神奈川県,35.571666666666665,139.37,149.0,46046
01006,日吉,神奈川県,35.55166666666667,139.65,57.0,46061
01007,平塚,神奈川県,35.345,139.305,20.0,46136
01008,小田原,神奈川県,35.276666666666664,139.155,14.0,46166
01009,寄居,埼玉県,36.105,139.18333333333334,128.0,43051
01010,美浜,福井県,35.6,135.91666666666666,10.0,57286
01011,日立,茨城県,36.58,140.645,34.0,40136
01012,柿岡,茨城県,36.23333333333333,140.18833333333333,27.0,40241
01013,美野里,茨城県,36.236666666666665,140.325,25.0,40251
01014,龍ケ崎,茨城県,35.89,140.21166666666667,4.0,40426
01015,五十里,栃木県,36.92166666666667,139.695,620.0,41076
01016,足尾,栃木県,36.64666666666667,139.44833333333332,650.0,41211
01018,佐野,栃木県,36.36333333333334,139.57,68.0,41361
01019,みなかみ,群馬県,36.8,138.99166666666667,531.0,42091
01020,中之条,群馬県,36.586666666666666,138.85,354.0,42186
01021,伊勢崎,群馬県,36.33166666666666,139.165,64.0,42302
01022,南木曽,長野県,35.61,137.62,560.0,48717
01023,大泉,山梨県,35.861666666666665,138.38666666666666,867.0,49036
01024,韮崎,山梨県,35.693333333333335,138.44833333333332,341.0,49086
01025,長岡京,京都府,34.93,135.67833333333334,71.0,61306
01026,今別,青森県,41.18,140.48166666666663,30.0,31136
01027,六ケ所,青森県,40.885,141.27166666666668,80.0,31336
01028,祭畤,岩手県,39.01166666666666,140.865,350.0,33831
01029,米山,宮城県,38.626666666666665,141.18833333333333,5.0,34171
01030,塩釜,宮城県,38.33833333333333,141.01333333333332,105.0,34331
01031,西会津,福島県,37.58833333333333,139.65666666666667,165.0,36251
01032,好摩,岩手県,39.86833333333333,141.16666666666666,205.0,33296
01033,山田,岩手県,39.45,141.95666666666668,24.0,33616
01034,広野,福島県,37.23333333333333,141.0,43.0,36611
01035,大潟,秋田県,40.0,139.95,-3.0,32287
01036,男鹿,秋田県,39.91166666666667,139.9,20.0,32286
01037,大野,岩手県,40.281666666666666,141.66666666666666,200.0,33086
01038,上草津,山形県,38.995,140.02833333333334,178.0,35061
01039,尾花沢,山形県,38.60833333333333,140.41166666666666,106.0,35231
01040,鼠ケ関,山形県,38.56666666666667,139.55166666666668,18.0,35246
01041,大間,青森県,41.52666666666666,140.91166666666666,14.0,31001
01042,大和山,青森県,40.848333333333336,140.985,137.0,31321
01043,八森,秋田県,40.41333333333333,139.94833333333332,34.0,32056
01044,金山,福島県,37.473333333333336,139.52833333333334,296.0,36342
01045,衣川,岩手県,39.05,141.045,75.0,33841
01046,添田,福岡県,33.55833333333333,130.855,92.0,82206
01047,朝日,上川地方,44.11833333333333,142.595,225.0,12266
01048,比布,上川地方,43.875,142.48,175.0,12396
01049,層雲峡,上川地方,43.75333333333333,142.93,540.0,12471
01050,大正寺,秋田県,39.52666666666666,140.23333333333332,20.0,32496
01051,中頓別,宗谷地方,44.965,142.28,25.0,11276
01052,美瑛,上川地方,43.58833333333333,142.49333333333334,250.0,12551
01053,幌加内,上川地方,44.01,142.16,159.0,15076
01054,豊富,宗谷地方,45.10666666666667,141.765,16.0,11176
01055,和寒,上川地方,44.028333333333336,142.41,150.0,12301
01056,納沙布,根室地方,43.39333333333333,145.75833333333333,12.0,18281
01057,美濃,岐阜県,35.555,136.91,68.0,52461
01058,多治見,岐阜県,35.346666666666664,137.10833333333332,120.0,52606
01059,上石津,岐阜県,35.24666666666667,136.45833333333334,193.0,52641
01060,下関,新潟県,38.09166666666667,139.56333333333333,33.0,54191
01061,栃尾,岐阜県,36.248333333333335,137.50333333333333,765.0,52111
01062,堺,大阪府,34.555,135.485,20.0,62091
01063,清水,和歌山県,34.086666666666666,135.425,240.0,65121
01065,枚方,大阪府,34.80833333333333,135.67166666666665,26.0,62046
01066,宮地,岐阜県,35.763333333333335,137.28833333333333,450.0,52346
01067,大滝,胆振地方,42.67,141.07833333333335,390.0,21161
01068,栗沢,空知地方,43.12166666666667,141.745,20.0,15391
01069,鴻巣,埼玉県,36.065,139.52166666666668,15.0,43121
01070,所沢,埼玉県,35.77333333333333,139.41333333333333,119.0,43266
01071,三国,福井県,36.24333333333333,136.17333333333335,34.0,57001
01072,真狩,後志地方,42.775,140.88,440.0,16281
01073,西興部,網走・北見・紋別地方,44.33166666666666,142.93666666666667,120.0,17091
01074,本宮,和歌山県,33.836666666666666,135.77333333333334,60.0,65226
01075,伊万里,佐賀県,33.266666666666666,129.87833333333333,25.0,85116
01077,今治,愛媛県,34.053333333333335,132.975,27.0,73076
01078,薮川,岩手県,39.78333333333333,141.32833333333335,680.0,33371
01079,酸ケ湯,青森県,40.64833333333333,140.84833333333333,890.0,31482
01081,三角,熊本県,32.611666666666665,130.47833333333332,60.0,86216
01083,南小松,滋賀県,35.235,135.95666666666668,90.0,60116
01084,大村,長崎県,32.916666666666664,129.91333333333333,3.0,84371
01085,石狩,石狩地方,43.193333333333335,141.37,5.0,14121
01086,湯前横谷,熊本県,32.263333333333335,131.04333333333332,665.0,86481
01087,柳ケ瀬,滋賀県,35.58166666666666,136.18833333333333,220.0,60026
01089,龍神,和歌山県,33.945,135.55666666666667,410.0,65162
01091,赤井川,後志地方,43.083333333333336,140.82,148.0,16126
01092,白滝,網走・北見・紋別地方,43.865,143.15333333333334,475.0,17482
01093,桜江,島根県,34.95333333333333,132.33333333333334,32.0,68346
01094,瑞穂,島根県,34.85333333333333,132.53,327.0,68401
01095,伯太,島根県,35.35,133.27333333333334,23.0,68181
01096,丹沢湖,神奈川県,35.41,139.04333333333332,330.0,46076
01097,仁世宇,日高地方,42.77166666666667,142.35833333333332,150.0,22072
01098,福原旭,徳島県,33.87833333333333,134.38833333333332,290.0,71211
01100,羅漢山,山口県,34.35,132.06333333333333,945.0,81167
01105,熊,静岡県,34.958333333333336,137.73333333333332,375.0,50296
01106,三倉,静岡県,34.96,137.94333333333333,121.0,50391
01107,二俣,釧路地方,42.97166666666666,143.875,45.0,19406
01108,岳,青森県,40.62833333333333,140.26333333333332,438.0,31451
01109,東成瀬,秋田県,39.178333333333335,140.64833333333334,191.0,32701
01111,赤谷,新潟県,37.835,139.415,135.0,54311
01112,古丹別,留萌地方,44.265,141.72166666666666,15.0,13206
01113,米里,岩手県,39.23333333333333,141.31,170.0,33726
01114,梅ケ島,静岡県,35.236666666666665,138.34166666666667,430.0,50111
01115,比立内,秋田県,39.903333333333336,140.45,210.0,32312
01116,鷲倉,福島県,37.66833333333334,140.26,1220.0,36196
01117,東由利,秋田県,39.305,140.28833333333333,117.0,32581
01118,沢内,岩手県,39.48,140.79666666666665,327.0,33561
01119,市浦,青森県,41.056666666666665,140.34666666666666,20.0,31186
01120,荒屋,岩手県,40.10333333333333,141.05,290.0,33166
01122,小田野沢,青森県,41.235,141.39666666666668,6.0,31121
01123,普代,岩手県,40.00333333333333,141.88333333333333,8.0,33206
01124,脇野沢,青森県,41.145,140.82166666666666,15.0,31156
01125,肘折,山形県,38.60666666666667,140.16333333333333,330.0,35216
01126,駒ノ湯,宮城県,38.91333333333333,140.82833333333335,525.0,34012
01128,紫波,岩手県,39.54666666666667,141.1266666666667,125.0,33501
01129,川内,福島県,37.336666666666666,140.80833333333334,410.0,36501
01130,飯舘,福島県,37.665,140.72666666666666,460.0,36221
01131,阿仁合,秋田県,39.99333333333333,140.40333333333334,120.0,32311
01132,高畠,山形県,38.00333333333333,140.20666666666668,220.0,35511
01133,府中,東京都,35.68333333333333,139.48333333333332,59.0,44116
01134,新島,東京都,34.373333333333335,139.2516666666667,9.0,44207
01135,古江,宮崎県,32.711666666666666,131.82,14.0,87066
01136,田代,鹿児島県,31.19833333333333,130.84333333333333,182.0,88536
01137,国見,大分県,33.675,131.59,14.0,83021
01138,有川,長崎県,32.98166666666667,129.11833333333334,11.0,84341
01139,伊仙,鹿児島県,27.676666666666662,128.97333333333333,44.0,88956
01140,奈義,岡山県,35.111666666666665,134.17,212.0,66127
01141,太宰府,福岡県,33.49666666666667,130.49,52.0,82191
01142,宇目,大分県,32.845,131.675,200.0,83431
01144,芦辺,長崎県,33.8,129.72166666666666,97.0,84121
01145,伊原間,沖縄県,24.508333333333333,124.28,15.0,94001
01146,輝北,鹿児島県,31.58833333333333,130.855,360.0,88331
01147,伊是名,沖縄県,26.94833333333333,127.94,14.0,91011
01149,大隅,鹿児島県,31.58,131.005,170.0,88341
01150,津島,福島県,37.56,140.75333333333333,400.0,36307
01152,渡嘉敷,沖縄県,26.21,127.36333333333332,220.0,91181
01154,小国,新潟県,37.29166666666666,138.70166666666665,83.0,54606
01155,松代,新潟県,37.13166666666667,138.60666666666663,210.0,54671
01159,浦山,埼玉県,35.92,139.07,400.0,43157
01160,睦寄,京都府,35.38166666666667,135.45333333333335,175.0,61151
01161,佐多,鹿児島県,31.093333333333334,130.69,27.0,88551
01162,鬼無里,長野県,36.68833333333333,137.965,778.0,48146
01163,志和,広島県,34.498333333333335,132.66,215.0,67371
01164,深瀬,宮崎県,31.636666666666667,131.25,130.0,87461
01165,上野原,山梨県,35.62,139.105,187.0,49172
01166,小原,愛知県,35.22833333333333,137.285,290.0,51056
01167,鎧畑,秋田県,39.775,140.665,281.0,32426
01168,葛根田,岩手県,39.77666666666666,140.945,350.0,33351
01170,中野,茨城県,36.515,140.47333333333333,17.0,40126
01171,白山白峰,石川県,36.18,136.625,470.0,56346
01172,色川,和歌山県,33.675,135.84833333333333,275.0,65311
01173,徳田,茨城県,36.778333333333336,140.48166666666663,270.0,40066
01174,片品,群馬県,36.77166666666667,139.23833333333334,868.0,42106
01175,波佐,島根県,34.78,132.19666666666666,370.0,68436
01176,匹見,島根県,34.571666666666665,132.01666666666668,259.0,68501
01177,関金,鳥取県,35.37833333333333,133.75666666666666,150.0,69161
01178,若桜,鳥取県,35.333333333333336,134.405,231.0,69196
01179,池川,高知県,33.608333333333334,133.16833333333332,150.0,74101
01180,小沢,東京都,35.735,139.1233333333333,420.0,44051
01181,肝付前田,鹿児島県,31.34,130.93833333333333,31.0,88447
01182,上吉田,埼玉県,36.053333333333335,138.98,275.0,43091
01183,七戸,青森県,40.708333333333336,141.12833333333333,57.0,31411
01184,東川,上川地方,43.70166666666667,142.50833333333333,215.0,12451
01185,志比内,上川地方,43.64333333333333,142.58166666666668,310.0,12512
01186,鶴居,釧路地方,43.23166666666667,144.325,38.0,19191
01187,弟子屈,釧路地方,43.51,144.46666666666667,170.0,19051
01188,幾寅,上川地方,43.16833333333334,142.56833333333333,350.0,12691
01189,占冠,上川地方,42.97833333333333,142.395,332.0,12746
01190,上富良野,上川地方,43.455,142.465,220.0,12596
01191,江丹別,上川地方,43.87,142.26,140.0,12386
01192,太田,釧路地方,43.09,144.77833333333334,85.0,19376
01193,浜益,石狩地方,43.58166666666666,141.38666666666666,3.0,14026
01194,厚田,石狩地方,43.39666666666667,141.43666666666667,5.0,14071
01195,榊町,釧路地方,43.12,145.11,2.0,19311
01196,厚床,根室地方,43.22166666666666,145.22666666666666,41.0,18311
01197,音威子府,上川地方,44.72666666666667,142.265,40.0,12041
01198,三石,日高地方,42.245,142.66166666666666,10.0,22291
01199,奥尻,檜山地方,42.248333333333335,139.55666666666667,5.0,24101
01200,鶉,檜山地方,41.93,140.31166666666667,53.0,24201
01201,中川,上川地方,44.82833333333333,142.07666666666665,22.0,12011
01202,日高,日高地方,42.876666666666665,142.44166666666666,280.0,22036
01203,沼川,宗谷地方,45.248333333333335,141.85166666666666,23.0,11121
01204,駒場,十勝地方,43.05,143.18333333333334,112.0,20371
01205,石崎,檜山地方,41.7,140.02833333333334,5.0,24236
01206,住田,岩手県,39.141666666666666,141.57333333333332,80.0,33801
01208,神恵内,後志地方,43.145,140.42333333333335,50.0,16061
01209,境野,網走・北見・紋別地方,43.70666666666666,143.64333333333337,184.0,17607
01210,上札内,十勝地方,42.641666666666666,143.09666666666666,251.0,20601
01211,更別,十勝地方,42.65166666666666,143.195,185.0,20606
01212,小本,岩手県,39.84666666666666,141.96333333333334,3.0,33336
01213,焼尻,留萌地方,44.428333333333335,141.42166666666665,38.0,13146
01214,大津,十勝地方,42.685,143.64666666666668,4.0,20631
01215,奥中山,岩手県,40.06,141.225,430.0,33176
01216,初山別,留萌地方,44.52333333333333,141.77,27.0,13121
01217,達布,留萌地方,44.04833333333333,141.85666666666663,30.0,13261
01218,幌糠,留萌地方,43.85333333333333,141.76,20.0,13321
01219,山形,岩手県,40.14833333333333,141.57166666666666,290.0,33136
01220,丸森,宮城県,37.931666666666665,140.77833333333334,18.0,34506
01221,土呂部,栃木県,36.891666666666666,139.56833333333333,925.0,41116
01222,藤原,群馬県,36.86333333333333,139.05833333333334,700.0,42046
01223,神流,群馬県,36.10833333333333,138.89666666666668,357.0,42396
01224,川井,岩手県,39.598333333333336,141.68166666666667,192.0,33526
01226,勝山,福井県,36.03833333333333,136.52166666666668,196.0,57082
01227,三木,兵庫県,34.776666666666664,135.01333333333332,145.0,63461
01228,風屋,奈良県,34.045,135.78666666666666,301.0,64227
01229,大栃,高知県,33.69833333333333,133.875,210.0,74136
01230,鳥羽,三重県,34.48166666666667,136.825,2.0,53257
01231,塩津,鳥取県,35.52333333333333,133.56666666666666,15.0,69021
01232,鳩山,埼玉県,35.985,139.335,44.0,43171
01233,佐賀,高知県,33.07833333333333,133.10166666666666,3.0,74436
01234,切石,山梨県,35.46666666666667,138.44166666666666,226.0,49236
01235,江川崎,高知県,33.17,132.79166666666666,72.0,74381
01236,船橋,千葉県,35.711666666666666,140.04333333333332,28.0,45106
01237,杵築,大分県,33.416666666666664,131.59666666666666,5.0,83121
01238,牛久,千葉県,35.39666666666667,140.14833333333334,30.0,45291
01239,財田,香川県,34.12,133.77166666666668,65.0,72161
01240,阿蘇乙姫,熊本県,32.94,131.04,497.0,86111
01241,坂畑,千葉県,35.235,140.09833333333333,120.0,45326
01242,蒲生田,徳島県,33.836666666666666,134.74166666666667,10.0,71231
01243,清水,静岡県,35.053333333333335,138.52166666666668,3.0,50261
01244,磐田,静岡県,34.69166666666667,137.88,3.0,50536
01245,鉾田,茨城県,36.16833333333334,140.52666666666667,32.0,40311
01248,城辺,沖縄県,24.74333333333333,125.41,55.0,93051
01249,後免,高知県,33.59,133.64333333333337,12.0,74187
01250,川平,沖縄県,24.466666666666665,124.14,7.0,94036
01251,大原,沖縄県,24.265,123.87166666666668,33.0,94101
01252,京上,徳島県,33.86666666666667,133.90333333333334,560.0,71191
01255,宮川,三重県,34.278333333333336,136.20833333333334,205.0,53321
01256,高根,新潟県,38.33,139.605,80.0,54056
01257,王泊,広島県,34.69833333333333,132.31166666666667,525.0,67211
01258,南伊勢,三重県,34.345,136.68166666666667,6.0,53296
01259,黒保根,群馬県,36.501666666666665,139.28333333333333,285.0,42261
01260,富郷,愛媛県,33.915,133.51,310.0,73152
01261,和田,山口県,34.14833333333333,131.735,140.0,81301
01262,八幡,広島県,34.708333333333336,132.17333333333335,774.0,67136
01263,東藻琴,網走・北見・紋別地方,43.84,144.285,58.0,17541
01264,幌満,日高地方,42.07666666666667,143.035,0.0,22366
01265,千軒,渡島地方,41.55833333333333,140.27166666666668,100.0,23356
01266,糸櫛別,根室地方,43.72166666666666,144.98833333333334,115.0,18091
01268,長沼,福島県,37.28833333333333,140.21833333333333,317.0,36571
01269,舘岩,福島県,37.09166666666667,139.53166666666667,690.0,36726
01272,戸来,青森県,40.46833333333333,141.17666666666668,125.0,31671
01273,藤里,秋田県,40.32,140.29333333333332,68.0,32071
01274,川前,福島県,37.24666666666667,140.72333333333333,492.0,36597
01276,目黒,日高地方,42.126666666666665,143.31333333333333,17.0,22356
01277,与論島,鹿児島県,27.043333333333333,128.40166666666667,14.0,88986
01278,桧木内,秋田県,39.81166666666667,140.585,255.0,32376
01279,朱鞠内,上川地方,44.281666666666666,142.16166666666666,255.0,15041
01280,麓郷,上川地方,43.30166666666667,142.52166666666668,315.0,12632
01281,魚梁瀬,高知県,33.615,134.10833333333332,450.0,74151
01282,桧原,福島県,37.72166666666666,140.05833333333334,824.0,36106
01283,知方学,釧路地方,42.93833333333333,144.735,149.0,19451
01284,宗谷岬,宗谷地方,45.52,141.935,26.0,11001
01285,浜鬼志別,宗谷地方,45.335,142.17,13.0,11076
01286,糠内,十勝地方,42.78666666666667,143.32833333333335,70.0,20556
01287,空知吉野,空知地方,43.595,141.73166666666663,100.0,15231
01288,中杵臼,日高地方,42.223333333333336,142.94833333333332,80.0,22306
01289,八幡平,秋田県,40.013333333333335,140.80166666666668,578.0,32266
01290,江ノ島,宮城県,38.39833333333333,141.59666666666666,40.0,34361
01291,飛島,山形県,39.18333333333333,139.54333333333332,58.0,35002
01292,大井沢,山形県,38.39,139.99333333333334,440.0,35361
01293,茂庭,福島県,37.891666666666666,140.43666666666667,200.0,36056
01294,湯本,福島県,37.27666666666666,140.06333333333333,640.0,36562
01295,桧枝岐,福島県,37.02333333333333,139.38666666666666,930.0,36716
01296,喜界島,鹿児島県,28.32,129.92666666666668,5.0,88851
01297,平岩,新潟県,36.88666666666667,137.86333333333334,260.0,54876
01298,筆甫,宮城県,37.82666666666667,140.72833333333332,305.0,34526
01299,長滝,岐阜県,35.92333333333333,136.83166666666668,430.0,52221
01300,立科,長野県,36.27166666666667,138.31333333333333,715.0,48381
01301,揖斐川,岐阜県,35.485,136.56666666666666,45.0,52511
01302,大潟,新潟県,37.225,138.325,13.0,54586
01303,美山,京都府,35.275,135.55,200.0,61206
01304,茶屋,鳥取県,35.18666666666667,133.23,490.0,69271
01305,六厩,岐阜県,36.06,137.035,1015.0,52181
01306,白川,岐阜県,36.27333333333333,136.89666666666668,478.0,52081
01307,海士,島根県,36.09666666666666,133.09666666666666,3.0,68056
01308,河合,岐阜県,36.305,137.1,471.0,52041
01309,氷見,富山県,36.86333333333333,136.96,7.0,55041
01310,出雲,島根県,35.33166666666666,132.73,20.0,68156
01311,宮之前,岐阜県,36.015,137.38833333333332,930.0,52196
01312,奈川,長野県,36.08833333333333,137.68333333333334,1068.0,48466
01313,黒川,岐阜県,35.598333333333336,137.31833333333333,517.0,52482
01314,開田高原,長野県,35.93833333333333,137.60166666666666,1130.0,48531
01315,弾崎,新潟県,38.33,138.51166666666666,58.0,54041
01316,越廼,福井県,36.01166666666666,135.99,30.0,57051
01317,浪合,長野県,35.373333333333335,137.69166666666666,940.0,48826
01318,中条,新潟県,38.06,139.40833333333333,27.0,54181
01319,辰野,長野県,35.98166666666667,137.98333333333332,729.0,48546
01320,赤名,島根県,35.001666666666665,132.71166666666667,444.0,68306
01321,弥栄,島根県,34.776666666666664,132.10833333333332,380.0,68431
01323,南信濃,長野県,35.321666666666665,137.93166666666667,407.0,48841
01324,小松,石川県,36.38166666666667,136.435,3.0,56276
01325,油木,広島県,34.763333333333335,133.27833333333334,510.0,67191
01326,廿日市津田,広島県,34.365,132.19,317.0,67421
01327,半田,徳島県,33.99,134.03666666666666,228.0,71136
01328,上長田,岡山県,35.29666666666667,133.725,430.0,66046
01329,洞爺湖温泉,胆振地方,42.565,140.80666666666667,85.0,21237
01330,千屋,岡山県,35.10333333333333,133.435,525.0,66091
01331,常陸大宮,茨城県,36.60666666666667,140.325,95.0,40091
01332,下戸鎖,岩手県,40.083333333333336,141.71166666666667,239.0,33201
01333,今市,栃木県,36.72666666666667,139.67666666666668,414.0,41171
01334,塩谷,栃木県,36.75666666666667,139.88333333333333,225.0,41181
01335,菊川牧之原,静岡県,34.785,138.13833333333332,191.0,50476
01336,福光,島根県,35.07,132.33333333333334,8.0,68286
01337,南淡,兵庫県,34.218333333333334,134.72,5.0,63588
01338,井川,静岡県,35.21666666666667,138.22166666666666,755.0,50106
01339,阿南,長野県,35.31333333333333,137.81166666666667,610.0,48836
01340,えりも岬,日高地方,41.925,143.24333333333334,63.0,22391
01342,かつらぎ,和歌山県,34.31,135.52833333333334,142.0,65026
01343,諸塚,宮崎県,32.516666666666666,131.335,150.0,87127
01344,蒲郡,愛知県,34.845,137.21666666666667,55.0,51281
01345,西米良,宮崎県,32.23,131.15166666666667,250.0,87231
01346,愛西,愛知県,35.21666666666667,136.69833333333332,5.0,51031
01347,西川,和歌山県,33.638333333333335,135.71,150.0,65306
01348,鞍岡,宮崎県,32.64333333333333,131.15666666666667,590.0,87071
01349,紀伊長島,三重県,34.208333333333336,136.32666666666665,3.0,53326
01350,近永,愛媛県,33.25333333333333,132.675,129.0,73446
01351,本川,高知県,33.765,133.33833333333334,550.0,74056
01352,木頭,徳島県,33.77166666666667,134.205,330.0,71251
01353,神門,宮崎県,32.385,131.33166666666668,250.0,87206
01354,波照間,沖縄県,24.055,123.76666666666668,38.0,94116
01356,白山,三重県,34.625,136.32166666666666,60.0,53151
01357,荒沢,山形県,38.50666666666667,139.78166666666667,273.0,35256
01360,聖高原,長野県,36.486666666666665,138.06833333333333,985.0,48247
01365,泉ケ岳,宮城県,38.406666666666666,140.72166666666666,630.0,34262
01367,篠生,山口県,34.303333333333335,131.57666666666665,205.0,81141
01368,五木,熊本県,32.395,130.82666666666665,310.0,86411
01369,三面,新潟県,38.24666666666667,139.605,45.0,54097
01370,大湯,新潟県,37.205,139.06166666666667,240.0,54621
01371,恩原,岡山県,35.3,133.98666666666668,734.0,66056
01372,中津川,山形県,37.91,139.84333333333333,390.0,35537
01373,本部,沖縄県,26.685,127.89833333333333,25.0,91066
01374,東,沖縄県,26.631666666666668,128.15333333333334,24.0,91081
01376,葛城,奈良県,34.48833333333334,135.70333333333335,141.0,64091
01378,須知,京都府,35.17666666666667,135.42,150.0,61241
01380,綾部,京都府,35.29333333333334,135.25833333333333,51.0,61191
01381,阿児,三重県,34.30833333333333,136.8733333333333,31.0,53307
01382,九頭竜,福井県,35.90833333333333,136.66833333333332,436.0,57176
01383,三和,京都府,35.21666666666667,135.23166666666663,105.0,61192
01384,付知,岐阜県,35.66166666666667,137.42666666666668,461.0,52421
01385,佐治,鳥取県,35.32833333333333,134.11333333333334,210.0,69181
01386,湖南,福島県,37.388333333333335,140.09,536.0,36461
01387,御母衣,岐阜県,36.14666666666667,136.90833333333333,640.0,52131
01388,門井,茨城県,36.333333333333336,140.03333333333333,40.0,40181
01389,江尾,鳥取県,35.288333333333334,133.48333333333332,155.0,69222
01391,鹿野,鳥取県,35.413333333333334,134.01666666666668,210.0,69111
01394,大鹿,長野県,35.556666666666665,138.04,718.0,48737
01395,塩沢,新潟県,37.03833333333333,138.84666666666666,195.0,54761
01397,杉島,長野県,35.72666666666667,138.09333333333333,905.0,48691
01398,宮寄上,新潟県,37.58,139.14,125.0,54462
01400,浦臼,空知地方,43.428333333333335,141.80833333333334,25.0,15276
01401,鹿島,空知地方,43.08,142.1,310.0,15451
01402,沼の沢,空知地方,42.96,142.02,161.0,15491
01403,塘路,釧路地方,43.14833333333333,144.49666666666667,25.0,19281
01404,小利別,十勝地方,43.58833333333333,143.68,313.0,20071
01405,押帯,十勝地方,43.115,143.44333333333333,104.0,20331
01406,温川,青森県,40.515,140.78333333333333,404.0,31562
01407,笹子,秋田県,39.10333333333333,140.29333333333332,200.0,32681
01408,藤原,秋田県,40.355,140.78,280.0,32096
01409,柏倉,十勝地方,43.361666666666665,143.45833333333334,378.0,20202
01410,上螺湾,十勝地方,43.318333333333335,143.80166666666668,232.0,20222
01411,小谷,長野県,36.821666666666665,137.93,550.0,48097
01412,宇奈月,富山県,36.84666666666666,137.55666666666667,160.0,55063
01414,大山,富山県,36.60833333333333,137.28333333333333,128.0,55156
01417,茶内原野,釧路地方,43.17333333333333,144.96666666666667,70.0,19301
01418,留真,十勝地方,42.91666666666666,143.66166666666666,40.0,20451
01419,新城,空知地方,43.611666666666665,142.20333333333335,147.0,15216
01420,丸瀬布,網走・北見・紋別地方,43.95166666666667,143.32833333333335,242.0,17386
01421,大能,茨城県,36.74333333333333,140.59333333333333,395.0,40076
01422,男鹿真山,秋田県,39.93833333333333,139.78166666666667,84.0,32276
01423,御浜,三重県,33.85166666666667,135.98,130.0,53416
01424,樽本,新潟県,36.89,138.275,625.0,54892
01425,仁別,秋田県,39.8,140.21666666666667,179.0,32408
01426,川谷,新潟県,37.2,138.51666666666668,206.0,54666
01427,筒方,新潟県,37.03,138.34333333333333,255.0,54737
01429,カルルス,胆振地方,42.516666666666666,141.10666666666663,300.0,21251
01430,旭,日高地方,42.62833333333333,142.39333333333337,245.0,22106
01432,北方,宮崎県,32.56166666666667,131.525,30.0,87136
01435,山江,熊本県,32.30166666666667,130.74666666666667,218.0,86407
01436,ひるがの,岐阜県,36.01,136.89333333333337,885.0,52173
01437,清見,岐阜県,36.18,137.045,740.0,52137
01438,丹生川,岐阜県,36.18666666666667,137.37166666666667,910.0,52152
01439,吉野,奈良県,34.37833333333333,135.9,188.0,64136
01440,鍵穴,静岡県,35.04833333333333,138.24666666666667,160.0,50247
01441,野母崎,長崎県,32.57833333333333,129.74,190.0,84596
01443,辻堂,神奈川県,35.32,139.45,5.0,46141
01444,室谷,新潟県,37.55,139.37,200.0,54472
01445,伊那,長野県,35.82666666666667,137.95333333333335,633.0,48621
01447,区界,岩手県,39.65,141.35333333333332,760.0,33441
01453,鰐浦,長崎県,34.69833333333333,129.445,63.0,84012
01454,大飯,福井県,35.48,135.61666666666667,3.0,57311
01455,猪谷,富山県,36.473333333333336,137.23666666666668,215.0,55267
01456,瀬戸,愛媛県,33.446666666666665,132.25666666666666,143.0,73341
01457,友ケ島,和歌山県,34.28,135.0,43.0,65036
01458,東神楽,上川地方,43.67,142.44666666666666,211.0,12501
01459,千歳,石狩地方,42.775,141.69166666666666,22.0,14296
01460,女満別,網走・北見・紋別地方,43.88,144.16333333333333,33.0,17531
01461,鶴丘,釧路地方,43.04,144.19166666666666,95.0,19347
01462,高松,渡島地方,41.77,140.82166666666666,34.0,23281
01463,脇神,秋田県,40.19166666666667,140.37166666666667,84.0,32181
01464,名取,宮城県,38.138333333333335,140.91666666666666,2.0,34436
01465,浜中,山形県,38.81166666666667,139.78666666666666,22.0,35086
01466,玉川,福島県,37.22666666666667,140.42666666666668,372.0,36581
01467,大島北ノ山,東京都,34.781666666666666,139.36,38.0,44173
01468,八重見ヶ原,東京都,33.115,139.785,92.0,44262
01469,松浜,新潟県,37.955,139.11166666666668,1.0,54236
01470,八尾,大阪府,34.596666666666664,135.6,10.0,62096
01471,関空島,大阪府,34.43333333333333,135.23166666666663,5.0,62101
01472,本郷,広島県,34.435,132.91833333333332,331.0,67386
01473,西郷岬,島根県,36.178333333333335,133.32333333333332,80.0,68046
01474,高津,島根県,34.675,131.79,54.0,68456
01475,香南,香川県,34.21333333333333,134.015,185.0,72126
01476,南国日章,高知県,33.545,133.66833333333332,9.0,74188
01477,博多,福岡県,33.583333333333336,130.45166666666665,9.0,82186
01478,石田,長崎県,33.748333333333335,129.785,12.0,84122
01479,上大津,長崎県,32.665,128.83166666666668,77.0,84537
01480,川副,佐賀県,33.14833333333333,130.30166666666668,2.0,85176
01481,赤江,宮崎県,31.876666666666665,131.44833333333332,6.0,87412
01482,安次嶺,沖縄県,26.195,127.645,3.0,91236
01483,鏡原,沖縄県,24.781666666666663,125.295,43.0,93042
01485,川辺,和歌山県,33.89333333333333,135.21666666666667,84.0,65201
01487,紋別小向,網走・北見・紋別地方,44.303333333333335,143.40333333333334,18.0,17116
01488,東根,山形県,38.41166666666667,140.37,105.0,35334
01489,根室中標津,根室地方,43.57666666666667,144.96,65.0,18174
01490,下地,沖縄県,24.826666666666668,125.14333333333332,8.0,93012
01491,仲筋,沖縄県,24.65333333333333,124.675,10.0,93062
01493,所野,沖縄県,24.466666666666665,122.97833333333334,15.0,94011
01494,志多阿原,沖縄県,24.058333333333334,123.80333333333331,13.0,94121
01495,青森大谷,青森県,40.73333333333333,140.68833333333333,198.0,31386
01497,ときがわ,埼玉県,35.99,139.20666666666668,295.0,43162
01506,三宅坪田,東京都,34.07333333333333,139.56,20.0,44228
01507,江別,石狩地方,43.11,141.60166666666666,8.0,14136
01508,大槌,岩手県,39.43833333333333,141.80666666666667,120.0,33611
01510,帯広泉,十勝地方,42.73333333333333,143.21666666666667,149.0,20551
01511,雄和,秋田県,39.615,140.21833333333333,91.0,32451
01512,本泊,宗谷地方,45.24166666666667,141.18666666666667,30.0,11091
01513,米岡,檜山地方,42.071666666666665,139.43166666666667,49.0,24156
01514,秋津,新潟県,38.06,138.41333333333333,30.0,54167
01515,粟国,沖縄県,26.591666666666665,127.24,12.0,91096
01516,慶良間,沖縄県,26.168333333333333,127.29333333333334,48.0,91216
01517,北大東,沖縄県,25.94333333333333,131.32666666666665,22.0,92006
01518,旧東,沖縄県,25.846666666666668,131.26333333333332,48.0,92012
01519,湖山,鳥取県,35.53,134.165,15.0,69052
01520,笠利,鹿児島県,28.43,129.71166666666667,4.0,88821
01521,松山南吉田,愛媛県,33.82666666666667,132.69833333333332,4.0,73168
01523,神津島,東京都,34.18833333333333,139.13333333333333,138.0,44216
01524,米原,滋賀県,35.38333333333333,136.34333333333333,147.0,60102
01526,鴬沢,宮城県,38.805,140.94833333333332,33.0,34056
01528,声問,宗谷地方,45.403333333333336,141.8,8.0,11061
01529,松本今井,長野県,36.16666666666666,137.92166666666665,658.0,48363
01530,下館,茨城県,36.281666666666666,139.98833333333334,24.0,40231
01531,日応寺,岡山県,34.75666666666667,133.855,239.0,66346
01532,熊野新鹿,三重県,33.931666666666665,136.13833333333332,23.0,53401
01533,秋ヶ島,富山県,36.64833333333333,137.18666666666667,24.0,55151
01534,北原,沖縄県,26.363333333333333,126.71333333333334,7.0,91141
01535,小値賀,長崎県,33.19,129.09,8.0,84236
01536,頭ヶ島,長崎県,33.013333333333335,129.19166666666666,80.0,84286
01537,春江,福井県,36.141666666666666,136.22333333333333,5.0,57026
01538,美津島,長崎県,34.285,129.33,63.0,84076
01539,村山,山形県,38.46,140.34833333333333,80.0,35332
01540,中之島,鹿児島県,29.84,129.86666666666667,220.0,88736
01541,新城,愛知県,34.906666666666666,137.51833333333337,53.0,51247
01542,天城,鹿児島県,27.835,128.88,2.0,88931
01543,戸井泊,渡島地方,41.71666666666667,141.00333333333333,20.0,23291
01544,三井,石川県,37.29333333333334,136.96166666666667,219.0,56093
01545,宝達志水,石川県,36.78833333333333,136.76833333333337,90.0,56192
01546,礼文,宗谷地方,45.305,141.045,65.0,11046
01547,上標津,根室地方,43.52,144.74666666666667,181.0,18161
01549,北相木,長野県,36.071666666666665,138.61166666666668,1185.0,48516
01550,白樺湖,長野県,36.105,138.22833333333332,1440.0,48436
01552,知内,渡島地方,41.598333333333336,140.375,24.0,23321
01553,五箇山,富山県,36.43,136.94166666666666,357.0,55252
01554,椿ヶ鼻,大分県,33.19,130.915,843.0,83242
01555,セントレア,愛知県,34.858333333333334,136.805,4.0,51261
01556,三崎,高知県,32.795,132.87166666666667,9.0,74506
01557,大東,岩手県,39.03833333333333,141.29666666666665,140.0,33856
01558,金ヶ崎,岩手県,39.225,141.015,170.0,33711
01559,湯野川,青森県,41.31333333333333,140.95666666666668,162.0,31036
01560,滝沢,岩手県,39.78,141.09666666666666,210.0,33361
01561,加美,宮城県,38.571666666666665,140.72666666666666,195.0,34206
01562,上山中山,山形県,38.11666666666667,140.21333333333334,270.0,35466
01563,附馬牛,岩手県,39.45666666666666,141.50666666666666,440.0,33596
01564,蔵王,宮城県,38.126666666666665,140.68,112.0,34462
01565,武生,福井県,35.905,136.17333333333335,32.0,57106
01566,赤平,空知地方,43.553333333333335,142.06666666666666,120.0,15247
01567,雨竜,空知地方,43.66,141.89166666666668,42.0,15197
01568,津別二又,網走・北見・紋別地方,43.583333333333336,143.865,221.0,17776
01569,置戸常元,網走・北見・紋別地方,43.62,143.44,368.0,17686
01570,小車,上川地方,44.60833333333333,142.295,62.0,12066
01571,三股,十勝地方,43.51,143.14833333333334,660.0,20047
01572,剣淵,上川地方,44.10666666666667,142.35333333333332,138.0,12256
01573,幌延,宗谷地方,45.00666666666667,141.85166666666666,5.0,13011
01574,金山,上川地方,43.138333333333335,142.41666666666666,284.0,12686
01575,佐伯湯来,広島県,34.498333333333335,132.29,206.0,67351
01576,阿蔵,愛知県,35.07833333333333,137.41333333333333,613.0,51192
01577,関市板取,岐阜県,35.723333333333336,136.78333333333333,351.0,52321
01578,朽木平良,滋賀県,35.30833333333333,135.83,380.0,60081
01579,都志見,広島県,34.64666666666667,132.44333333333333,400.0,67217
01580,宇土,熊本県,32.7,130.65666666666667,6.0,86181
01581,一勝地,熊本県,32.245,130.645,120.0,86461
01582,君田,広島県,34.928333333333335,132.83,304.0,67052
01583,美土里,広島県,34.721666666666664,132.655,318.0,67161
01584,富,岡山県,35.178333333333335,133.805,480.0,66112
01585,吉備中央,岡山県,34.81666666666667,133.705,340.0,66287
01586,国頭,沖縄県,26.72833333333333,128.17833333333334,8.0,91046
01587,神戸空港,兵庫県,34.63166666666667,135.22333333333333,5.0,63517
01588,西宮,兵庫県,34.75,135.335,38.0,63477
01589,南紀白浜,和歌山県,33.66166666666667,135.36333333333334,89.0,65288
01590,空港北町,福岡県,33.845,131.035,7.0,82068
01592,吉賀,島根県,34.391666666666666,131.89333333333337,250.0,68541
01595,母島,東京都,26.635,142.16166666666666,32.0,44316
01596,宮城島,沖縄県,26.363333333333333,127.97166666666666,100.0,91166
01599,乙女湖,山梨県,35.806666666666665,138.655,1465.0,49052
01601,静岡空港,静岡県,34.795,138.18833333333333,132.0,50477
01602,茨木,大阪府,34.86,135.56,78.0,62037
01603,安宿,広島県,34.56666666666667,132.83833333333334,363.0,67306
01604,海陽,徳島県,33.611666666666665,134.355,5.0,71291
01605,那須烏山,栃木県,36.641666666666666,140.11666666666667,82.0,41247
01606,呉市蒲刈,広島県,34.165,132.7483333333333,48.0,67576
01607,山田,福島県,36.93333333333333,140.73333333333332,25.0,36836
01608,都農,宮崎県,32.28333333333333,131.54166666666666,61.0,87251
01609,日之影,宮崎県,32.681666666666665,131.40666666666667,262.0,87086
01610,唐津,佐賀県,33.458333333333336,129.955,23.0,85033
01611,早良脇山,福岡県,33.48833333333334,130.35333333333332,83.0,82241
01612,鳥栖,佐賀県,33.385,130.51666666666668,25.0,85106
01613,山都,熊本県,32.711666666666666,130.95833333333334,574.0,86197
01614,鹿野,山口県,34.225,131.815,368.0,81228
01615,ニセコ,後志地方,42.778333333333336,140.66666666666666,113.0,16272
01616,北山,佐賀県,33.413333333333334,130.22,339.0,85046
01617,山園,網走・北見・紋別地方,43.74333333333333,144.33666666666667,361.0,17642
01618,旭西,岡山県,34.961666666666666,133.81166666666667,230.0,66237
01619,天川,奈良県,34.27,135.88333333333333,840.0,64161
01620,東厚保,山口県,34.11833333333333,131.18166666666667,56.0,81271
01621,立山芦峅,富山県,36.57666666666667,137.385,379.0,55217
01626,女川,宮城県,38.45333333333333,141.44,35.0,34296
01627,刈屋,岩手県,39.641666666666666,141.77333333333334,140.0,33461
01628,新町,岩手県,39.36,141.90666666666667,2.0,33686
01629,陸前高田,岩手県,39.025,141.63,61.0,33871
01630,桃生,宮城県,38.56,141.245,5.0,34231
01631,東松島,宮城県,38.42666666666667,141.21333333333334,4.0,34286
01632,岩沼,宮城県,38.10666666666667,140.8766666666667,4.0,34431
01633,新地,福島県,37.875,140.91833333333332,10.0,36081
01634,古殿,福島県,37.09,140.56,353.0,36766
01635,高萩,茨城県,36.70666666666666,140.71666666666667,4.0,40081
01636,椎葉,宮崎県,32.475,131.10333333333332,517.0,87157
01637,東谷,福岡県,33.778333333333336,130.865,55.0,82097
01638,大府,愛知県,34.995,136.94333333333333,32.0,51216
01639,盛山,沖縄県,24.395,124.245,31.0,94086
01640,富士川,山梨県,35.56166666666667,138.44833333333332,295.0,49187
01641,坂浦,京都府,35.41833333333334,135.08666666666667,223.0,61096
01643,大島泉津,東京都,34.778333333333336,139.42166666666665,49.0,44176
01644,大島差木地,東京都,34.68333333333333,139.41333333333333,41.0,44186
01645,瓢湖,新潟県,37.833333333333336,139.23666666666668,9.0,54301
01646,利島,東京都,34.528333333333336,139.28166666666667,100.0,44191
01647,宝島,鹿児島県,29.151666666666667,129.20166666666665,33.0,88781
01648,青ヶ島,東京都,32.46666666666667,139.76,272.0,44281
01649,下北山,奈良県,34.00333333333333,135.96666666666667,249.0,64236
01650,舳倉島,石川県,37.85,136.91833333333332,8.0,56401
01651,渡名喜,沖縄県,26.37333333333333,127.14166666666668,7.0,91151
01652,田沢湖高原,秋田県,39.778333333333336,140.76166666666666,652.0,32431
01653,一方井,岩手県,39.973333333333336,141.16666666666666,285.0,33231
01654,諏訪之瀬島,鹿児島県,29.61,129.705,111.0,88756
01655,小宝島,鹿児島県,29.225,129.32833333333335,10.0,88776
01657,小呂島,福岡県,33.86333333333333,130.035,49.0,82036
01658,平島,鹿児島県,29.683333333333334,129.52833333333334,97.0,88746
01660,南阿蘇,熊本県,32.83166666666666,131.01333333333332,393.0,86157
01661,常総,茨城県,36.11333333333334,139.98,15.0,40282
47401,稚内,宗谷地方,45.415,141.67833333333334,2.8,11016
47402,北見枝幸,宗谷地方,44.94,142.585,6.7,11291
47404,羽幌,留萌地方,44.36333333333334,141.7,7.9,13181
47405,雄武,網走・北見・紋別地方,44.58,142.96333333333334,14.1,17036
47406,留萌,留萌地方,43.945,141.63166666666666,23.6,13277
47407,旭川,上川地方,43.75666666666667,142.37166666666667,119.8,12442
47409,網走,網走・北見・紋別地方,44.016666666666666,144.27833333333334,37.6,17341
47411,小樽,後志地方,43.181666666666665,141.015,24.9,16091
47412,札幌,石狩地方,43.06,141.32833333333335,17.4,14163
47413,岩見沢,空知地方,43.211666666666666,141.785,42.3,15356
47417,帯広,十勝地方,42.92166666666667,143.21166666666667,38.4,20432
47418,釧路,釧路地方,42.985,144.3766666666667,4.5,19432
47420,根室,根室地方,43.33,145.585,25.2,18273
47421,寿都,後志地方,42.795,140.22333333333333,33.4,16252
47423,室蘭,胆振地方,42.31166666666667,140.975,39.9,21323
47424,苫小牧,胆振地方,42.623333333333335,141.54666666666665,6.3,21187
47426,浦河,日高地方,42.16166666666667,142.77666666666667,36.7,22327
47428,江差,檜山地方,41.86666666666667,140.1233333333333,3.7,24217
47430,函館,渡島地方,41.81666666666667,140.75333333333333,35.0,23232
47433,倶知安,後志地方,42.9,140.75666666666666,176.1,16217
47435,紋別,網走・北見・紋別地方,44.345,143.355,15.8,17112
47440,広尾,十勝地方,42.29333333333334,143.31666666666666,32.4,20751
47512,大船渡,岩手県,39.06333333333333,141.71333333333334,36.9,33877
47520,新庄,山形県,38.75666666666667,140.31166666666667,105.1,35162
47570,若松,福島県,37.48833333333334,139.91,211.7,36361
47574,深浦,青森県,40.645,139.93166666666667,66.1,31436
47575,青森,青森県,40.821666666666665,140.76833333333337,2.8,31312
47576,むつ,青森県,41.28333333333333,141.21,2.9,31111
47581,八戸,青森県,40.52666666666666,141.52166666666668,27.1,31602
47582,秋田,秋田県,39.71666666666667,140.09833333333333,6.3,32402
47584,盛岡,岩手県,39.69833333333333,141.165,155.2,33431
47585,宮古,岩手県,39.64666666666667,141.965,42.5,33472
47587,酒田,山形県,38.90833333333333,139.84333333333333,3.1,35052
47588,山形,山形県,38.255,140.345,152.5,35426
47590,仙台,宮城県,38.26166666666666,140.89666666666668,38.9,34392
47592,石巻,宮城県,38.42666666666667,141.29833333333335,42.5,34292
47595,福島,福島県,37.75833333333333,140.47,67.4,36126
47597,白河,福島県,37.13166666666667,140.215,355.0,36667
47598,小名浜,福島県,36.946666666666665,140.90333333333334,3.3,36846
47600,輪島,石川県,37.39,136.895,5.2,56052
47602,相川,新潟県,38.028333333333336,138.24,5.5,54157
47604,新潟,新潟県,37.89333333333333,139.01833333333337,4.1,54232
47605,金沢,石川県,36.58833333333333,136.63333333333333,5.7,56227
47606,伏木,富山県,36.79166666666666,137.055,11.6,55091
47607,富山,富山県,36.708333333333336,137.20166666666665,8.6,55102
47610,長野,長野県,36.66166666666667,138.19166666666666,418.2,48156
47612,高田,新潟県,37.10666666666667,138.24666666666667,12.9,54651
47615,宇都宮,栃木県,36.54833333333333,139.86833333333334,119.4,41277
47616,福井,福井県,36.055,136.22166666666666,8.8,57066
47617,高山,岐阜県,36.155,137.25333333333333,560.0,52146
47618,松本,長野県,36.24666666666667,137.97,610.0,48361
47620,諏訪,長野県,36.045,138.10833333333332,760.1,48491
47622,軽井沢,長野県,36.34166666666667,138.54666666666665,999.1,48331
47624,前橋,群馬県,36.405,139.06,112.1,42251
47626,熊谷,埼玉県,36.15,139.38,30.0,43056
47629,水戸,茨城県,36.38,140.46666666666667,29.0,40201
47631,敦賀,福井県,35.653333333333336,136.06166666666667,1.6,57248
47632,岐阜,岐阜県,35.4,136.76166666666666,12.7,52586
47636,名古屋,愛知県,35.166666666666664,136.965,51.1,51106
47637,飯田,長野県,35.52333333333333,137.82166666666666,516.4,48767
47638,甲府,山梨県,35.666666666666664,138.55333333333334,272.8,49142
47639,富士山,静岡県,35.36,138.72666666666666,3775.1,50066
47640,河口湖,山梨県,35.5,138.76,859.6,49251
47641,秩父,埼玉県,35.99,139.07333333333332,232.1,43156
47646,つくば,茨城県,36.056666666666665,140.125,25.2,40336
47648,銚子,千葉県,35.73833333333333,140.85666666666663,20.1,45147
47649,上野,三重県,34.76166666666667,136.14166666666668,159.2,53112
47651,津,三重県,34.733333333333334,136.51833333333337,2.7,53133
47653,伊良湖,愛知県,34.62833333333333,137.09333333333333,6.2,51346
47654,浜松,静岡県,34.75333333333333,137.71166666666667,45.9,50456
47655,御前崎,静岡県,34.60333333333333,138.21166666666667,44.7,50551
47656,静岡,静岡県,34.975,138.40333333333334,14.1,50331
47657,三島,静岡県,35.11333333333334,138.925,20.5,50206
47662,東京,東京都,35.69166666666667,139.75,25.2,44132
47663,尾鷲,三重県,34.068333333333335,136.19333333333333,15.3,53378
47666,石廊崎,静岡県,34.60333333333333,138.84166666666667,54.7,50561
47668,網代,静岡県,35.045,139.09166666666667,66.9,50281
47670,横浜,神奈川県,35.43833333333333,139.65166666666667,39.1,46106
47672,館山,千葉県,34.986666666666665,139.865,5.8,45401
47674,勝浦,千葉県,35.15,140.31166666666667,11.9,45371
47675,大島,東京都,34.748333333333335,139.36166666666668,74.0,44172
47677,三宅島,東京都,34.123333333333335,139.52166666666668,36.4,44226
47678,八丈島,東京都,33.12166666666667,139.77833333333334,151.2,44263
47682,千葉,千葉県,35.60166666666667,140.10333333333332,3.5,45212
47684,四日市,三重県,34.94,136.58,55.1,53061
47690,奥日光,栃木県,36.73833333333333,139.5,1291.9,41166
47740,西郷,島根県,36.20333333333333,133.33333333333334,26.5,68022
47741,松江,島根県,35.45666666666666,133.065,16.9,68132
47742,境,鳥取県,35.54333333333334,133.235,2.0,69006
47744,米子,鳥取県,35.43333333333333,133.33833333333334,6.5,69076
47746,鳥取,鳥取県,35.486666666666665,134.23833333333334,7.1,69122
47747,豊岡,兵庫県,35.535,134.82166666666666,3.4,63051
47750,舞鶴,京都府,35.45,135.31666666666666,2.4,61111
47754,萩,山口県,34.41,131.405,2.2,81071
47755,浜田,島根県,34.89666666666667,132.07,19.0,68376
47756,津山,岡山県,35.06333333333333,134.00833333333333,145.7,66186
47759,京都,京都府,35.013333333333335,135.73166666666663,40.8,61286
47761,彦根,滋賀県,35.275,136.24333333333334,87.3,60131
47762,下関,山口県,33.94833333333333,130.925,3.3,81428
47765,広島,広島県,34.39833333333333,132.46166666666667,3.6,67437
47766,呉,広島県,34.24,132.55,3.5,67511
47767,福山,広島県,34.446666666666665,133.24666666666667,1.6,67401
47768,岡山,岡山県,34.68666666666667,133.925,5.3,66408
47769,姫路,兵庫県,34.83833333333333,134.67,38.2,63383
47770,神戸,兵庫県,34.696666666666665,135.21166666666667,5.3,63518
47772,大阪,大阪府,34.681666666666665,135.51833333333337,23.0,62078
47776,洲本,兵庫県,34.33833333333333,134.905,109.3,63576
47777,和歌山,和歌山県,34.22833333333333,135.16333333333333,13.9,65042
47778,潮岬,和歌山県,33.45,135.75666666666666,67.5,65356
47780,奈良,奈良県,34.693333333333335,135.82666666666665,104.4,64036
47784,山口,山口県,34.16166666666667,131.46166666666667,18.1,81286
47800,厳原,長崎県,34.196666666666665,129.29166666666666,3.7,84072
47805,平戸,長崎県,33.36,129.55,57.8,84171
47807,福岡,福岡県,33.58166666666666,130.375,2.5,82182
47809,飯塚,福岡県,33.651666666666664,130.69333333333333,37.1,82136
47812,佐世保,長崎県,33.15833333333333,129.72666666666666,3.9,84266
47813,佐賀,佐賀県,33.265,130.305,5.5,85142
47814,日田,大分県,33.321666666666665,130.92833333333334,82.9,83137
47815,大分,大分県,33.235,131.61833333333334,4.6,83216
47817,長崎,長崎県,32.733333333333334,129.86666666666667,26.9,84496
47818,雲仙岳,長崎県,32.736666666666665,130.26166666666666,677.5,84519
47819,熊本,熊本県,32.81333333333333,130.70666666666668,37.7,86141
47821,阿蘇山,熊本県,32.88,131.07333333333332,1142.3,86156
47822,延岡,宮崎県,32.58166666666666,131.65666666666667,19.2,87141
47823,阿久根,鹿児島県,32.026666666666664,130.2,40.1,88061
47824,人吉,熊本県,32.21666666666667,130.755,145.8,86467
47827,鹿児島,鹿児島県,31.555,130.54666666666665,3.9,88317
47829,都城,宮崎県,31.73,131.08166666666668,153.8,87426
47830,宮崎,宮崎県,31.938333333333333,131.41333333333333,9.2,87376
47831,枕崎,鹿児島県,31.27166666666667,130.29166666666666,29.5,88466
47835,油津,宮崎県,31.578333333333333,131.40666666666667,2.9,87492
47836,屋久島,鹿児島県,30.385,130.65833333333333,37.3,88686
47837,種子島,鹿児島県,30.72,130.98166666666663,24.9,88612
47838,牛深,熊本県,32.196666666666665,130.02666666666667,3.0,86491
47843,福江,長崎県,32.693333333333335,128.82666666666665,25.1,84536
47887,松山,愛媛県,33.843333333333334,132.77666666666667,32.2,73166
47890,多度津,香川県,34.275,133.7516666666667,3.7,72111
47891,高松,香川県,34.31666666666667,134.05333333333334,8.7,72086
47892,宇和島,愛媛県,33.22666666666667,132.55166666666668,2.4,73442
47893,高知,高知県,33.56666666666667,133.54833333333335,0.5,74181
47895,徳島,徳島県,34.06666666666667,134.57333333333332,1.6,71106
47897,宿毛,高知県,32.92,132.695,2.2,74447
47898,清水,高知県,32.721666666666664,133.01,31.0,74516
47899,室戸岬,高知県,33.251666666666665,134.17666666666668,185.0,74372
47909,名瀬,鹿児島県,28.37833333333333,129.495,2.8,88836
47912,与那国島,沖縄県,24.466666666666665,123.01,30.0,94017
47917,西表島,沖縄県,24.426666666666662,123.765,9.9,94062
47918,石垣島,沖縄県,24.336666666666662,124.16333333333333,5.7,94081
47927,宮古島,沖縄県,24.793333333333333,125.27833333333334,39.9,93041
47929,久米島,沖縄県,26.336666666666662,126.80333333333331,5.0,91146
47936,那覇,沖縄県,26.206666666666667,127.68666666666668,28.1,91197
47940,名護,沖縄県,26.593333333333334,127.965,6.1,91107
47942,沖永良部,鹿児島県,27.431666666666665,128.705,26.8,88971
47945,南大東,沖縄県,25.828333333333333,131.22833333333332,15.3,92011
47971,父島,東京都,27.091666666666665,142.19,2.7,44301
47991,南鳥島,東京都,24.28833333333333,153.98333333333332,7.1,44356
